type	subtype	chrom	pos	gene_name	gene_id	transcript_id	uniprot_id	tpm	ffpm	epitope	epitope_context	core	cluster_consensus	pos_in_core	group	best_allele	agretopicity	affinity	CDR3	TCR-score	cellular_prevalence	rna_alts	rna_cov	ref_seq	seq	junction_reads	spanning_frags	isoform	orf_len	cov	fpkm	sv_len	cnv_score	paired_ref	paired_alt	single_ref	single_alt	ref	alt	scaled_tpm	scaled_ffpm	score_expr_gene	score_expr_local_total	score_expr_local_ratio	score_expr_local	score_agretopicity	score_affinity	score_affinity_scaled	score_agretopicity_scaled	score_expr_gene_scaled	score_expr_local_scaled	score
Somatic	missense_variant	chrX	54333184	WNK3	ENSG00000196632	ENST00000354646	Q9BYP7-1	0.83		TVYKRLDTETWVEVA	GRGAFKTVYKRLDTETWVEVAWCELQD	KRLDTETWV	RGAFKTVYKRLDTETWVEV	2.0	1.0	DRB1_0701		0.0085443495072277	CASSNGQPNTEAFF	0.23061888	0.9078	2	2	AVATSPSGRFLKFDIELGRGAFKTVYK(G)LDTETWVEVAWCELQDRKLTKAEQQRF	AVATSPSGRFLKFDIELGRGAFKTVYK(R)LDTETWVEVAWCELQDRKLTKAEQQRF													C	T	0.011114743380189605		0.011114743380189605	2	1.0	2.0		-0.0085443495072277	0.9151821629697738		0.06519654841802493	1.0	5.660728651879095
Somatic	missense_variant	chrX	54333184	WNK3	ENSG00000196632	ENST00000354646	Q9BYP7-1	0.83		KTVYKRLDTETWVEV	LGRGAFKTVYKRLDTETWVEVAWCELQ	YKRLDTETW	RGAFKTVYKRLDTETWVEV	3.0	1.0	DRB1_0701		0.0139442895078943	CASSNGQPNTEAFF	0.14541014	0.9078	2	2	AVATSPSGRFLKFDIELGRGAFKTVYK(G)LDTETWVEVAWCELQDRKLTKAEQQRF	AVATSPSGRFLKFDIELGRGAFKTVYK(R)LDTETWVEVAWCELQDRKLTKAEQQRF													C	T	0.011114743380189605		0.011114743380189605	2	1.0	2.0		-0.0139442895078943	0.8593265141937717		0.06519654841802493	1.0	5.437306056775087
Somatic	missense_variant	chrX	54333184	WNK3	ENSG00000196632	ENST00000354646	Q9BYP7-1	0.83		AFKTVYKRLDTETWV	IELGRGAFKTVYKRLDTETWVEVAWCE	TVYKRLDTE	RGAFKTVYKRLDTETWVEV	5.0	1.0	DRB3_0101		0.0232886301263319	CASSNGQPNTEAFF	0.094209455	0.9078	2	2	AVATSPSGRFLKFDIELGRGAFKTVYK(G)LDTETWVEVAWCELQDRKLTKAEQQRF	AVATSPSGRFLKFDIELGRGAFKTVYK(R)LDTETWVEVAWCELQDRKLTKAEQQRF													C	T	0.011114743380189605		0.011114743380189605	2	1.0	2.0		-0.0232886301263319	0.7626709573612234		0.06519654841802493	1.0	5.0506838294448935
Somatic	missense_variant	chr19	44909207	APOE	ENSG00000130203	ENST00000252486	P02649	61.33		WAGLVEKVQAVVGTS	EDMQRQWAGLVEKVQAVVGTSAAPVPS	LVEKVQAVV	AGLVEKVQAVVGTS	8.0	1.0	DRB1_0701		0.0398995566715925	CASSNGQPNTEAFF	0.15793966		45	137	ARLKSWFEPLVEDMQRQWAGLVEKVQA(A)VGTSAAPVPSDNH	ARLKSWFEPLVEDMQRQWAGLVEKVQA(V)VGTSAAPVPSDNH													C	T	1.0		1.0	137	0.3284671532846715	14.781021897810218		-0.0398995566715925	0.590851626249857		1.0	1.0	4.363406504999428
Somatic	missense_variant	chr2	1903254	MYT1L	ENSG00000186487	ENST00000647738	Q9UL68-1	0.73		QLEIPQYSYRNNVPT	PMCFVKQLEIPQYSYRNNVPTTTPRSN	IPQYSYRNN	QLEIPQYSYRNNVP	5.0	1.0	DRB1_1501		0.0059221564204842	CASSNGQPNTEAFF	0.17582539	0.9078	1	2	DVSKSSQASDRVLRPMCFVKQLEIPQY(G)YRNNVPTTTPRSNLAKELEKYSKTSFE	DVSKSSQASDRVLRPMCFVKQLEIPQY(S)YRNNVPTTTPRSNLAKELEKYSKTSFE													C	T	0.009480222294867604		0.009480222294867604	2	0.5	0.5		-0.0059221564204842	0.9423054821284914		0.055608820709491864	0.26128868594622	4.291799300406406
Somatic	missense_variant	chr10	68493558	SLC25A16	ENSG00000122912	ENST00000609923	P16260	1.85		HVHRLMAGSMAGMTA	KLGISGHVHRLMAGSMAGMTAAICTYP	RLMAGSMAG	RLMAGSMAGMTAAICTYPLDMVRV			DRB1_1501		0.0024666392595638	CASSNGQPNTEAFF	0.18197979	0.9078	1	4	KTLITTKLGISGHVHRLMAGSMAGMTA(V)ICTYPLDMVRVRLAFQVKGEHSYTGII	KTLITTKLGISGHVHRLMAGSMAGMTA(A)ICTYPLDMVRVRLAFQVKGEHSYTGII													A	G	0.027786858450474013		0.027786858450474013	4	0.25	0.25		-0.0024666392595638	0.9780485001723941		0.16299137104506234	0.12937595129375945	4.1709459032770955
Somatic	missense_variant	chr2	47463049	MSH2	ENSG00000095002	ENST00000233146	P43246-1	1.44		ENHEFFVKPSFDPNL	LDMDQVENHEFFVKPSFDPNLSELREI	EFFVKPSFD	DMDQVENHEFFVKPSFDPNLS	3.0	1.0	DRB3_0101		0.0003444406173265	CASSNGQPNTEAFF	0.11657913	0.9078	1	9	DLRSDFSKFQEMIETTLDMDQVENHEF(L)VKPSFDPNLSELREIMNDLEKKMQSTL	DLRSDFSKFQEMIETTLDMDQVENHEF(F)VKPSFDPNLSELREIMNDLEKKMQSTL													C	T	0.021085322000653807		0.021085322000653807	9	0.1111111111111111	0.1111111111111111		-0.0003444406173265	1.0		0.1236816874400767	0.05609109870905912	4.112182197418118
Somatic	missense_variant	chr2	47463049	MSH2	ENSG00000095002	ENST00000233146	P43246-1	1.44		MDQVENHEFFVKPSF	IETTLDMDQVENHEFFVKPSFDPNLSE	VENHEFFVK	DMDQVENHEFFVKPSFDPNLS	7.0	1.0	HLA-DPA10103-DPB10401		0.0004777724691947	CASSNGQPNTEAFF	0.69007176	0.9078	1	9	DLRSDFSKFQEMIETTLDMDQVENHEF(L)VKPSFDPNLSELREIMNDLEKKMQSTL	DLRSDFSKFQEMIETTLDMDQVENHEF(F)VKPSFDPNLSELREIMNDLEKKMQSTL													C	T	0.021085322000653807		0.021085322000653807	9	0.1111111111111111	0.1111111111111111		-0.0004777724691947	0.9986208481783715		0.1236816874400767	0.05609109870905912	4.1066655901316045
Somatic	missense_variant	chr2	47463049	MSH2	ENSG00000095002	ENST00000233146	P43246-1	1.44		NHEFFVKPSFDPNLS	DMDQVENHEFFVKPSFDPNLSELREIM	FFVKPSFDP	DMDQVENHEFFVKPSFDPNLS	2.0	1.0	DRB3_0101		0.0007777691358984	CASSNGQPNTEAFF	0.362241	0.9078	1	9	DLRSDFSKFQEMIETTLDMDQVENHEF(L)VKPSFDPNLSELREIMNDLEKKMQSTL	DLRSDFSKFQEMIETTLDMDQVENHEF(F)VKPSFDPNLSELREIMNDLEKKMQSTL													C	T	0.021085322000653807		0.021085322000653807	9	0.1111111111111111	0.1111111111111111		-0.0007777691358984	0.9955177565797046		0.1236816874400767	0.05609109870905912	4.094253223736937
Somatic	missense_variant	chr2	47463049	MSH2	ENSG00000095002	ENST00000233146	P43246-1	1.44		DMDQVENHEFFVKPS	MIETTLDMDQVENHEFFVKPSFDPNLS	QVENHEFFV	DMDQVENHEFFVKPSFDPNLS	8.0	1.0	HLA-DQA10102-DQB10201		0.0016222041977311	CASSNGQPNTEAFF	0.2256785	0.9078	1	9	DLRSDFSKFQEMIETTLDMDQVENHEF(L)VKPSFDPNLSELREIMNDLEKKMQSTL	DLRSDFSKFQEMIETTLDMDQVENHEF(F)VKPSFDPNLSELREIMNDLEKKMQSTL													C	T	0.021085322000653807		0.021085322000653807	9	0.1111111111111111	0.1111111111111111		-0.0016222041977311	0.9867831283760494		0.1236816874400767	0.05609109870905912	4.059314710922316
Somatic	missense_variant	chr2	47463049	MSH2	ENSG00000095002	ENST00000233146	P43246-1	1.44		QVENHEFFVKPSFDP	TTLDMDQVENHEFFVKPSFDPNLSELR	NHEFFVKPS	DMDQVENHEFFVKPSFDPNLS	5.0	1.0	HLA-DQA10102-DQB10201		0.0017666470372551	CASREAGVGNQPQHF	0.28330898	0.9078	1	9	DLRSDFSKFQEMIETTLDMDQVENHEF(L)VKPSFDPNLSELREIMNDLEKKMQSTL	DLRSDFSKFQEMIETTLDMDQVENHEF(F)VKPSFDPNLSELREIMNDLEKKMQSTL													C	T	0.021085322000653807		0.021085322000653807	9	0.1111111111111111	0.1111111111111111		-0.0017666470372551	0.9852890472359506		0.1236816874400767	0.05609109870905912	4.05333838636192
Somatic	missense_variant	chr10	68493558	SLC25A16	ENSG00000122912	ENST00000609923	P16260	1.85		VHRLMAGSMAGMTAA	LGISGHVHRLMAGSMAGMTAAICTYPL	LMAGSMAGM	RLMAGSMAGMTAAICTYPLDMVRV			DRB1_1501		0.0054666059266008	CASSNGQPNTEAFF	0.10193253	0.9078	1	4	KTLITTKLGISGHVHRLMAGSMAGMTA(V)ICTYPLDMVRVRLAFQVKGEHSYTGII	KTLITTKLGISGHVHRLMAGSMAGMTA(A)ICTYPLDMVRVRLAFQVKGEHSYTGII													A	G	0.027786858450474013		0.027786858450474013	4	0.25	0.25		-0.0054666059266008	0.9470175841857262		0.16299137104506234	0.12937595129375945	4.046822239330424
Somatic	missense_variant	chr2	47463049	MSH2	ENSG00000095002	ENST00000233146	P43246-1	1.44		EFFVKPSFDPNLSEL	DQVENHEFFVKPSFDPNLSELREIMND	VKPSFDPNL	DMDQVENHEFFVKPSFDPNLS			DRB3_0101		0.0030444106176598	CASSNGQPNTEAFF	0.20171574	0.9078	1	9	DLRSDFSKFQEMIETTLDMDQVENHEF(L)VKPSFDPNLSELREIMNDLEKKMQSTL	DLRSDFSKFQEMIETTLDMDQVENHEF(F)VKPSFDPNLSELREIMNDLEKKMQSTL													C	T	0.021085322000653807		0.021085322000653807	9	0.1111111111111111	0.1111111111111111		-0.0030444106176598	0.972072175611999		0.1236816874400767	0.05609109870905912	4.000470899866114
Somatic	missense_variant	chrX	54333184	WNK3	ENSG00000196632	ENST00000354646	Q9BYP7-1	0.83		YKRLDTETWVEVAWC	GAFKTVYKRLDTETWVEVAWCELQDRK	LDTETWVEV	RGAFKTVYKRLDTETWVEV			DRB3_0101		0.0488772346973922	CASSNGQPNTEAFF	0.22398438	0.9078	2	2	AVATSPSGRFLKFDIELGRGAFKTVYK(G)LDTETWVEVAWCELQDRKLTKAEQQRF	AVATSPSGRFLKFDIELGRGAFKTVYK(R)LDTETWVEVAWCELQDRKLTKAEQQRF													C	T	0.011114743380189605		0.011114743380189605	2	1.0	2.0		-0.0488772346973922	0.4979887369267908		0.06519654841802493	1.0	3.991954947707163
Somatic	missense_variant	chr16	24943776	ARHGAP17	ENSG00000140750	ENST00000289968		5.2		FLEEVEFNVSEAFVP	QHADWFFLEEVEFNVSEAFVPLTTPSS	EVEFNVSEA	IIQHADWFFLEEVEFNVSEAFV			HLA-DPA10103-DPB10401		0.0048221686425706	CASSNGQPNTEAFF	0.11681793	0.9078	1	7	LAEMAAATSVHVVAVIEPIIQHADWFF(P)EEVEFNVSEAFVPLTTPSSNHSFHTGN	LAEMAAATSVHVVAVIEPIIQHADWFF(L)EEVEFNVSEAFVPLTTPSSNHSFHTGN													G	A	0.08254331480876104		0.08254331480876104	7	0.14285714285714285	0.14285714285714285		-0.0048221686425706	0.9536834846569366		0.48418024928092046	0.07284192215699062	3.960417782941728
Somatic	missense_variant	chrX	54333184	WNK3	ENSG00000196632	ENST00000354646	Q9BYP7-1	0.83		RGAFKTVYKRLDTET	FDIELGRGAFKTVYKRLDTETWVEVAW	FKTVYKRLD	RGAFKTVYKRLDTETWVEV	7.0	1.0	DRB3_0101		0.0505438828457461	CASSNGQPNTEAFF	0.14583226	0.9078	2	2	AVATSPSGRFLKFDIELGRGAFKTVYK(G)LDTETWVEVAWCELQDRKLTKAEQQRF	AVATSPSGRFLKFDIELGRGAFKTVYK(R)LDTETWVEVAWCELQDRKLTKAEQQRF													C	T	0.011114743380189605		0.011114743380189605	2	1.0	2.0		-0.0505438828457461	0.4807493391564196		0.06519654841802493	1.0	3.9229973566256784
Somatic	missense_variant	chr16	24943776	ARHGAP17	ENSG00000140750	ENST00000289968		5.2		EEVEFNVSEAFVPLT	ADWFFLEEVEFNVSEAFVPLTTPSSNH	EFNVSEAFV	IIQHADWFFLEEVEFNVSEAFV			HLA-DPA10103-DPB10401		0.0083110187664581	CASSNGQPNTEAFF	0.11015571	0.9078	1	7	LAEMAAATSVHVVAVIEPIIQHADWFF(P)EEVEFNVSEAFVPLTTPSSNHSFHTGN	LAEMAAATSVHVVAVIEPIIQHADWFF(L)EEVEFNVSEAFVPLTTPSSNHSFHTGN													G	A	0.08254331480876104		0.08254331480876104	7	0.14285714285714285	0.14285714285714285		-0.0083110187664581	0.9175956786576264		0.48418024928092046	0.07284192215699062	3.816066558944487
Somatic	missense_variant	chr3	184327867	EIF4G1	ENSG00000114867	ENST00000346169	Q04637-1	10.58		QCVQELASPFLLFIF	DMKEAVQCVQELASPFLLFIFVRHGVE	QELASPFLL	VQELASPFLLFI	7.0	1.0	HLA-DPA10103-DPB10401		0.0097110032110754	CASSNGQPNTEAFF	0.43074366	0.9078	1	6	SKAIIEEYLHLNDMKEAVQCVQELASP(S)LLFIFVRHGVESTLERSAIAREHMGQL	SKAIIEEYLHLNDMKEAVQCVQELASP(F)LLFIFVRHGVESTLERSAIAREHMGQL													C	T	0.17048054919908467		0.17048054919908467	6	0.16666666666666666	0.16666666666666666		-0.0097110032110754	0.9031145845305144		1.0	0.08540503974293924	3.7832684176079363
Somatic	missense_variant	chr9	14801811	FREM1	ENSG00000164946	ENST00000380880	Q5H8C1-1	4.06		VDLDISQDALLFSIT	SSIISAVDLDISQDALLFSITQKPRHG	DISQDALLF	DSSIISAVDLDISQDALLFS	3.0	1.0	HLA-DPA10103-DPB10401		0.0145442828413017	CASSNGQPNTEAFF	0.1555009	0.9078	1	3	VVQNITVCEGQMKELDSSIISAVDLDI(P)QDALLFSITQKPRHGLLIDRGFSKDFS	VVQNITVCEGQMKELDSSIISAVDLDI(S)QDALLFSITQKPRHGLLIDRGFSKDFS													G	A	0.06390977443609022		0.06390977443609022	3	0.3333333333333333	0.3333333333333333		-0.0145442828413017	0.8531203309964381		0.37488015340364333	0.17334686284457965	3.7591750496749117
Somatic	missense_variant	chr3	184327867	EIF4G1	ENSG00000114867	ENST00000346169	Q04637-1	10.58		FLLFIFVRHGVESTL	QELASPFLLFIFVRHGVESTLERSAIA	FIFVRHGVE	LFIFVRHGVES			DRB1_1501		0.0112554304952167	CASSNGQPNTEAFF	0.09856175	0.9078	1	6	SKAIIEEYLHLNDMKEAVQCVQELASP(S)LLFIFVRHGVESTLERSAIAREHMGQL	SKAIIEEYLHLNDMKEAVQCVQELASP(F)LLFIFVRHGVESTLERSAIAREHMGQL													C	T	0.17048054919908467		0.17048054919908467	6	0.16666666666666666	0.16666666666666666		-0.0112554304952167	0.8871394092633036		1.0	0.08540503974293924	3.719367716539093
Somatic	missense_variant	chr19	44909207	APOE	ENSG00000130203	ENST00000252486	P02649	61.33		LVEKVQAVVGTSAAP	QRQWAGLVEKVQAVVGTSAAPVPSDNH	KVQAVVGTS	AGLVEKVQAVVGTS	5.0	1.0	DRB1_0701		0.0563771513649847	CASSNGQPNTEAFF	0.09366395		45	137	ARLKSWFEPLVEDMQRQWAGLVEKVQA(A)VGTSAAPVPSDNH	ARLKSWFEPLVEDMQRQWAGLVEKVQA(V)VGTSAAPVPSDNH													C	T	1.0		1.0	137	0.3284671532846715	14.781021897810218		-0.0563771513649847	0.4204114469601211		1.0	1.0	3.6816457878404845
Somatic	missense_variant	chr16	24943776	ARHGAP17	ENSG00000140750	ENST00000289968		5.2		EPIIQHADWFFLEEV	HVVAVIEPIIQHADWFFLEEVEFNVSE	IQHADWFFL	IIQHADWFFLEEVEFNVSEAFV	9.0	2.0	HLA-DQA10102-DQB10201	0.0330477356181146	0.0363107076588038	CASSNGQPNTEAFF	0.29912978	0.9078	1	7	LAEMAAATSVHVVAVIEPIIQHADWFF(P)EEVEFNVSEAFVPLTTPSSNHSFHTGN	LAEMAAATSVHVVAVIEPIIQHADWFF(L)EEVEFNVSEAFVPLTTPSSNHSFHTGN													G	A	0.08254331480876104		0.08254331480876104	7	0.14285714285714285	0.14285714285714285	-0.0330477356181146	-0.0363107076588038	0.6279737961153892	1.0	0.48418024928092046	0.07284192215699062	3.657579028775538
Somatic	missense_variant	chr2	1903254	MYT1L	ENSG00000186487	ENST00000647738	Q9UL68-1	0.73		VKQLEIPQYSYRNNV	LRPMCFVKQLEIPQYSYRNNVPTTTPR	LEIPQYSYR	QLEIPQYSYRNNVP	7.0	1.0	DRB1_1501		0.0213330962989299	CASSNGQPNTEAFF	0.12380468	0.9078	1	2	DVSKSSQASDRVLRPMCFVKQLEIPQY(G)YRNNVPTTTPRSNLAKELEKYSKTSFE	DVSKSSQASDRVLRPMCFVKQLEIPQY(S)YRNNVPTTTPRSNLAKELEKYSKTSFE													C	T	0.009480222294867604		0.009480222294867604	2	0.5	0.5		-0.0213330962989299	0.7828985174117932		0.055608820709491864	0.26128868594622	3.6541714415396127
Somatic	missense_variant	chr3	184327867	EIF4G1	ENSG00000114867	ENST00000346169	Q04637-1	10.58		VQELASPFLLFIFVR	KEAVQCVQELASPFLLFIFVRHGVEST	LASPFLLFI	VQELASPFLLFI	5.0	1.0	HLA-DPA10103-DPB10401		0.0139887334585171	CASREAGVGNQPQHF	0.24857652	0.9078	1	6	SKAIIEEYLHLNDMKEAVQCVQELASP(S)LLFIFVRHGVESTLERSAIAREHMGQL	SKAIIEEYLHLNDMKEAVQCVQELASP(F)LLFIFVRHGVESTLERSAIAREHMGQL													C	T	0.17048054919908467		0.17048054919908467	6	0.16666666666666666	0.16666666666666666		-0.0139887334585171	0.8588667969198949		1.0	0.08540503974293924	3.606277267165458
Somatic	missense_variant	chr16	24943776	ARHGAP17	ENSG00000140750	ENST00000289968		5.2		LEEVEFNVSEAFVPL	HADWFFLEEVEFNVSEAFVPLTTPSSN	VEFNVSEAF	IIQHADWFFLEEVEFNVSEAFV			HLA-DPA10103-DPB10401		0.0134554060510438	CASREAGVGNQPQHF	0.11096384	0.9078	1	7	LAEMAAATSVHVVAVIEPIIQHADWFF(P)EEVEFNVSEAFVPLTTPSSNHSFHTGN	LAEMAAATSVHVVAVIEPIIQHADWFF(L)EEVEFNVSEAFVPLTTPSSNHSFHTGN													G	A	0.08254331480876104		0.08254331480876104	7	0.14285714285714285	0.14285714285714285		-0.0134554060510438	0.8643834042064141		0.48418024928092046	0.07284192215699062	3.603217461139638
Somatic	missense_variant	chr11	78109479	ALG8	ENSG00000159063	ENST00000299626	Q9BVK2-1	2.92		LATLICTLIAILPSI	LPSVTLLATLICTLIAILPSIFCLWFK	LICTLIAIL	LATLICTLIAIL			DRB1_0701		0.0229441895090054	CASSNGQPNTEAFF	0.13295999	0.9078	2	8	DPNNIPKASMTSGLVQQFQHTVLPSVT(P)LATLICTLIAILPSIFCLWFKPQGPRG	DPNNIPKASMTSGLVQQFQHTVLPSVT(L)LATLICTLIAILPSIFCLWFKPQGPRG													G	A	0.04527623406341942		0.04527623406341942	8	0.25	0.5		-0.0229441895090054	0.766233766233767		0.26558005752636626	0.26128868594622	3.587512436827508
Somatic	missense_variant	chr9	14801811	FREM1	ENSG00000164946	ENST00000380880	Q5H8C1-1	4.06		KELDSSIISAVDLDI	VCEGQMKELDSSIISAVDLDISQDALL	DSSIISAVD	DSSIISAVDLDISQDALLFS			HLA-DQA10102-DQB10201		0.0190997877801357	CASSNGQPNTEAFF	0.32260096	0.9078	1	3	VVQNITVCEGQMKELDSSIISAVDLDI(P)QDALLFSITQKPRHGLLIDRGFSKDFS	VVQNITVCEGQMKELDSSIISAVDLDI(S)QDALLFSITQKPRHGLLIDRGFSKDFS													G	A	0.06390977443609022		0.06390977443609022	3	0.3333333333333333	0.3333333333333333		-0.0190997877801357	0.8059993104240902		0.37488015340364333	0.17334686284457965	3.57069096738552
Somatic	missense_variant	chrX	54333184	WNK3	ENSG00000196632	ENST00000354646	Q9BYP7-1	0.83		ELGRGAFKTVYKRLD	FLKFDIELGRGAFKTVYKRLDTETWVE	RGAFKTVYK	RGAFKTVYKRLDTETWVEV			DRB1_0701		0.0620548660570438	CASSNGQPNTEAFF	0.101422034	0.9078	2	2	AVATSPSGRFLKFDIELGRGAFKTVYK(G)LDTETWVEVAWCELQDRKLTKAEQQRF	AVATSPSGRFLKFDIELGRGAFKTVYK(R)LDTETWVEVAWCELQDRKLTKAEQQRF													C	T	0.011114743380189605		0.011114743380189605	2	1.0	2.0		-0.0620548660570438	0.3616825652223886		0.06519654841802493	1.0	3.4467302608895545
Somatic	missense_variant	chr16	24943776	ARHGAP17	ENSG00000140750	ENST00000289968		5.2		FFLEEVEFNVSEAFV	IQHADWFFLEEVEFNVSEAFVPLTTPS	EEVEFNVSE	IIQHADWFFLEEVEFNVSEAFV			HLA-DPA10103-DPB10401		0.019055343829513	CASSNGQPNTEAFF	0.09512361	0.9078	1	7	LAEMAAATSVHVVAVIEPIIQHADWFF(P)EEVEFNVSEAFVPLTTPSSNHSFHTGN	LAEMAAATSVHVVAVIEPIIQHADWFF(L)EEVEFNVSEAFVPLTTPSSNHSFHTGN													G	A	0.08254331480876104		0.08254331480876104	7	0.14285714285714285	0.14285714285714285		-0.019055343829513	0.8064590276979661		0.48418024928092046	0.07284192215699062	3.3715199551058457
Somatic	missense_variant	chr9	21971097	CDKN2A	ENSG00000147889	ENST00000304494	P42771-1	8.54		PVHDAARKGFLDTLV	PATLTRPVHDAARKGFLDTLVVLHRAG	DAARKGFLD	VHDAARKGFLDTLVVLHR	5.0	1.0	HLA-DQA10201-DQB10602		0.0222664192620082	CASSNGQPNTEAFF	0.2738218	0.9078	1	4	ELLLLHGAEPNCADPATLTRPVHDAAR(E)GFLDTLVVLHRAGARLDVRDAWGRLPV	ELLLLHGAEPNCADPATLTRPVHDAAR(K)GFLDTLVVLHRAGARLDVRDAWGRLPV													C	T	0.13713631905851584		0.13713631905851584	4	0.25	0.25		-0.0222664192620082	0.7732444546603842		0.804410354745925	0.12937595129375945	3.3517297212290558
Somatic	missense_variant	chr19	37186831	ZNF585B	ENSG00000245680	ENST00000532828	Q52M93	1.96		KGFPYNSDLSIHEKI	ECSECGKGFPYNSDLSIHEKIYTGERH	PYNSDLSIH	PYNSDLSIHE			DRB3_0101		0.0652437195142275	CASSNGQPNTEAFF	0.07786938	0.9078	5	10	TGEKLYECSECGKGFPYNSDLSIHEKI(H)TGERHHECTDCGKAFTQKSTLKIHQKI	TGEKLYECSECGKGFPYNSDLSIHEKI(Y)TGERHHECTDCGKAFTQKSTLKIHQKI													G	A	0.02958483164432821		0.02958483164432821	10	0.5	2.5		-0.0652437195142275	0.3286978508217461		0.1735378715244487	1.0	3.3147914032869843
Somatic	missense_variant	chr3	184327867	EIF4G1	ENSG00000114867	ENST00000346169	Q04637-1	10.58		VQCVQELASPFLLFI	NDMKEAVQCVQELASPFLLFIFVRHGV	VQELASPFL	VQELASPFLLFI	8.0	1.0	DRB1_0701		0.021188653459406	CASSNGQPNTEAFF	0.24264841	0.9078	1	6	SKAIIEEYLHLNDMKEAVQCVQELASP(S)LLFIFVRHGVESTLERSAIAREHMGQL	SKAIIEEYLHLNDMKEAVQCVQELASP(F)LLFIFVRHGVESTLERSAIAREHMGQL													C	T	0.17048054919908467		0.17048054919908467	6	0.16666666666666666	0.16666666666666666		-0.021188653459406	0.7843925985518909		1.0	0.08540503974293924	3.3083804736934423
Somatic	missense_variant	chr9	14801811	FREM1	ENSG00000164946	ENST00000380880	Q5H8C1-1	4.06		SIISAVDLDISQDAL	MKELDSSIISAVDLDISQDALLFSITQ	SAVDLDISQ	DSSIISAVDLDISQDALLFS	8.0	1.0	HLA-DQA10102-DQB10201		0.0256330485216831	CASSNGQPNTEAFF	0.13389562	0.9078	1	3	VVQNITVCEGQMKELDSSIISAVDLDI(P)QDALLFSITQKPRHGLLIDRGFSKDFS	VVQNITVCEGQMKELDSSIISAVDLDI(S)QDALLFSITQKPRHGLLIDRGFSKDFS													G	A	0.06390977443609022		0.06390977443609022	3	0.3333333333333333	0.3333333333333333		-0.0256330485216831	0.7384208711642342		0.37488015340364333	0.17334686284457965	3.3003772103460958
Somatic	missense_variant	chr4	122934567	AFG2A	ENSG00000145375	ENST00000274008	Q8NB90-1	3.08		DTFYFVSSTTRVNFT	GAKCNTDTFYFVSSTTRVNFTEIDKNS	YFVSSTTRV	NTDTFYFVSSTTRV	3.0	1.0	HLA-DPA10103-DPB10401		0.0597993355629381	CASSNGQPNTEAFF	0.7406815	0.9078	5	15	GNEQLTEEERLLKFSIGAKCNTDTFYF(I)SSTTRVNFTEIDKNSKEQDNQFKVTYD	GNEQLTEEERLLKFSIGAKCNTDTFYF(V)SSTTRVNFTEIDKNSKEQDNQFKVTYD													A	G	0.047891467799934626		0.047891467799934626	15	0.3333333333333333	1.6666666666666665		-0.0597993355629381	0.38501321687162515		0.2809204218600192	0.8768814476577028	3.2938157628019065
Somatic	missense_variant	chr6	32157911	PPT2	ENSG00000221988	ENST00000324816	G8JLL2	1.02		HLVLIGGPDDGVITS	NFLRVGHLVLIGGPDDGVITSWQSSFF	LIGGPDDGV	VLIGGPDDGVI			DRB1_1501		0.0302663303741069	CASSNGQPNTEAFF	0.16200139	0.9078	1	2	NATVWRKNFLRVGHLVLIGGPDDGVIT(P)WQSSFFGFYDANETVLEMEEQLVYLRD	NATVWRKNFLRVGHLVLIGGPDDGVIT(S)WQSSFFGFYDANETVLEMEEQLVYLRD													C	T	0.014220333442301407		0.014220333442301407	2	0.5	0.5		-0.0302663303741069	0.6904953453626028		0.08341323106423776	0.26128868594622	3.2845587533428513
Somatic	missense_variant	chr9	14801811	FREM1	ENSG00000164946	ENST00000380880	Q5H8C1-1	4.06		IISAVDLDISQDALL	KELDSSIISAVDLDISQDALLFSITQK	AVDLDISQD	DSSIISAVDLDISQDALLFS	7.0	1.0	HLA-DQA10102-DQB10201		0.0262552638304018	CASSNGQPNTEAFF	0.13410829	0.9078	1	3	VVQNITVCEGQMKELDSSIISAVDLDI(P)QDALLFSITQKPRHGLLIDRGFSKDFS	VVQNITVCEGQMKELDSSIISAVDLDI(S)QDALLFSITQKPRHGLLIDRGFSKDFS													G	A	0.06390977443609022		0.06390977443609022	3	0.3333333333333333	0.3333333333333333		-0.0262552638304018	0.7319848293299632		0.37488015340364333	0.17334686284457965	3.274633043009012
Somatic	missense_variant	chr10	68493558	SLC25A16	ENSG00000122912	ENST00000609923	P16260	1.85		GMTAAICTYPLDMVR	MAGSMAGMTAAICTYPLDMVRVRLAFQ	AAICTYPLD	RLMAGSMAGMTAAICTYPLDMVRV	2.0	1.0	HLA-DQA10102-DQB10201		0.024877501361096	CASREAGVGNQPQHF	0.07916971	0.9078	1	4	KTLITTKLGISGHVHRLMAGSMAGMTA(V)ICTYPLDMVRVRLAFQVKGEHSYTGII	KTLITTKLGISGHVHRLMAGSMAGMTA(A)ICTYPLDMVRVRLAFQVKGEHSYTGII													A	G	0.027786858450474013		0.027786858450474013	4	0.25	0.25		-0.024877501361096	0.7462360648201358		0.16299137104506234	0.12937595129375945	3.243696161868062
Somatic	missense_variant	chr12	101312218	UTP20	ENSG00000120800	ENST00000261637	O75691	2.13		WRALTKFSERVEPRS	NFRFLLWRALTKFSERVEPRSRELSPL	LTKFSERVE	LLWRALTKFSERVE	5.0	1.0	DRB3_0101		0.0210219886445706	CASSNGQPNTEAFF	0.082716964		1	12	LALKTDCQERLDHTNFRFLLWRALTKF(P)ERVEPRSRELSPLFLRFINNEYYPADL	LALKTDCQERLDHTNFRFLLWRALTKF(S)ERVEPRSRELSPLFLRFINNEYYPADL													C	T	0.03236351748937562		0.03236351748937562	12	0.08333333333333333	0.08333333333333333		-0.0210219886445706	0.7861165383289281		0.18983700862895497	0.041434128192119044	3.227334409699951
Somatic	missense_variant	chr11	78109479	ALG8	ENSG00000159063	ENST00000299626	Q9BVK2-1	2.92		LLATLICTLIAILPS	VLPSVTLLATLICTLIAILPSIFCLWF	TLICTLIAI	LATLICTLIAIL			DRB1_0701		0.031855201608871	CASSNGQPNTEAFF	0.28229064	0.9078	2	8	DPNNIPKASMTSGLVQQFQHTVLPSVT(P)LATLICTLIAILPSIFCLWFKPQGPRG	DPNNIPKASMTSGLVQQFQHTVLPSVT(L)LATLICTLIAILPSIFCLWFKPQGPRG													G	A	0.04527623406341942		0.04527623406341942	8	0.25	0.5		-0.031855201608871	0.6740604528215152		0.26558005752636626	0.26128868594622	3.2188191831785007
Somatic	missense_variant	chr10	68493558	SLC25A16	ENSG00000122912	ENST00000609923	P16260	1.85		HRLMAGSMAGMTAAI	GISGHVHRLMAGSMAGMTAAICTYPLD	MAGSMAGMT	RLMAGSMAGMTAAICTYPLDMVRV			DRB1_0701		0.0265663714847612	CASSNGQPNTEAFF	0.11896267	0.9078	1	4	KTLITTKLGISGHVHRLMAGSMAGMTA(V)ICTYPLDMVRVRLAFQVKGEHSYTGII	KTLITTKLGISGHVHRLMAGSMAGMTA(A)ICTYPLDMVRVRLAFQVKGEHSYTGII													A	G	0.027786858450474013		0.027786858450474013	4	0.25	0.25		-0.0265663714847612	0.7287668084128271		0.16299137104506234	0.12937595129375945	3.1738191362388273
Somatic	missense_variant	chr10	68493558	SLC25A16	ENSG00000122912	ENST00000609923	P16260	1.85		AGMTAAICTYPLDMV	LMAGSMAGMTAAICTYPLDMVRVRLAF	TAAICTYPL	RLMAGSMAGMTAAICTYPLDMVRV	3.0	1.0	HLA-DQA10201-DQB10602		0.0274996944478395	CASSNGQPNTEAFF	0.08108067	0.9078	1	4	KTLITTKLGISGHVHRLMAGSMAGMTA(V)ICTYPLDMVRVRLAFQVKGEHSYTGII	KTLITTKLGISGHVHRLMAGSMAGMTA(A)ICTYPLDMVRVRLAFQVKGEHSYTGII													A	G	0.027786858450474013		0.027786858450474013	4	0.25	0.25		-0.0274996944478395	0.7191127456614181		0.16299137104506234	0.12937595129375945	3.1352028852331912
Somatic	missense_variant	chr9	14801811	FREM1	ENSG00000164946	ENST00000380880	Q5H8C1-1	4.06		DLDISQDALLFSITQ	SIISAVDLDISQDALLFSITQKPRHGL	ISQDALLFS	DSSIISAVDLDISQDALLFS	2.0	1.0	HLA-DPA10103-DPB10401		0.0306552149420562	CASSNGQPNTEAFF	0.32394987	0.9078	1	3	VVQNITVCEGQMKELDSSIISAVDLDI(P)QDALLFSITQKPRHGLLIDRGFSKDFS	VVQNITVCEGQMKELDSSIISAVDLDI(S)QDALLFSITQKPRHGLLIDRGFSKDFS													G	A	0.06390977443609022		0.06390977443609022	3	0.3333333333333333	0.3333333333333333		-0.0306552149420562	0.6864728192161823		0.37488015340364333	0.17334686284457965	3.0925850025538884
Somatic	missense_variant	chr16	24943776	ARHGAP17	ENSG00000140750	ENST00000289968		5.2		QHADWFFLEEVEFNV	VIEPIIQHADWFFLEEVEFNVSEAFVP	DWFFLEEVE	IIQHADWFFLEEVEFNVSEAFV	5.0	1.0	HLA-DPA10103-DPB10401		0.0259886001266652	CASSNGQPNTEAFF	0.2279024	0.9078	1	7	LAEMAAATSVHVVAVIEPIIQHADWFF(P)EEVEFNVSEAFVPLTTPSSNHSFHTGN	LAEMAAATSVHVVAVIEPIIQHADWFF(L)EEVEFNVSEAFVPLTTPSSNHSFHTGN													G	A	0.08254331480876104		0.08254331480876104	7	0.14285714285714285	0.14285714285714285		-0.0259886001266652	0.7347431329732224		0.48418024928092046	0.07284192215699062	3.084656376206871
Somatic	missense_variant	chr1	94897924	CNN3	ENSG00000117519	ENST00000370206	Q15417-1	13.32		QKGMSVYGLGRQVYD	TNKVASQKGMSVYGLGRQVYDSKYCAA	MSVYGLGRQ	MSVYGLGRQV			DRB1_1501		0.0289219008677681	CASSNGQPNTEAFF	0.2824061	0.9078	3	38	ISLQMGTNKVASQKGMSVYGLGRQVYD(P)KYCAAPTEPVIHNGSQGTGTNGSEISD	ISLQMGTNKVASQKGMSVYGLGRQVYD(S)KYCAAPTEPVIHNGSQGTGTNGSEISD													G	A	0.21526642693690748		0.21526642693690748	38	0.07894736842105263	0.23684210526315788		-0.0289219008677681	0.7044017928973687		1.0	0.1224331757857352	3.0624735231609455
Somatic	missense_variant	chr9	21971097	CDKN2A	ENSG00000147889	ENST00000304494	P42771-1	8.54		TRPVHDAARKGFLDT	ADPATLTRPVHDAARKGFLDTLVVLHR	VHDAARKGF	VHDAARKGFLDTLVVLHR	7.0	1.0	HLA-DQA10201-DQB10602		0.0295663381517983	CASSNGQPNTEAFF	0.10629618	0.9078	1	4	ELLLLHGAEPNCADPATLTRPVHDAAR(E)GFLDTLVVLHRAGARLDVRDAWGRLPV	ELLLLHGAEPNCADPATLTRPVHDAAR(K)GFLDTLVVLHRAGARLDVRDAWGRLPV													C	T	0.13713631905851584		0.13713631905851584	4	0.25	0.25		-0.0295663381517983	0.6977358924261583		0.804410354745925	0.12937595129375945	3.049695472292152
Somatic	missense_variant	chr11	104037922	DDI1	ENSG00000170967	ENST00000302259	Q8WTU0	0.15		GTTGTQTYFLPEGEL	KNVLVIGTTGTQTYFLPEGELRLCSRM	GTQTYFLPE	GTQTYFLPEGEL			HLA-DQA10201-DQB10602		0.0518216464261508	CASSNGQPNTEAFF	0.1393945	0.9078	1	1	CSIDLKKNVLVIGTTGTQTYFLPEGEL(P)LCSRMVSGQDESSDKEITHSVMDSGRK	CSIDLKKNVLVIGTTGTQTYFLPEGEL(R)LCSRMVSGQDESSDKEITHSVMDSGRK													C	G	0.0		0.0	1	1.0	1.0		-0.0518216464261508	0.467532467532468		0.0	0.5251141552511412	2.920358180632155
Somatic	missense_variant	chr1	94897924	CNN3	ENSG00000117519	ENST00000370206	Q15417-1	13.32		KGMSVYGLGRQVYDS	NKVASQKGMSVYGLGRQVYDSKYCAAP	SVYGLGRQV	MSVYGLGRQV			DRB1_1501		0.0331885201275541	CASSNGQPNTEAFF	0.24915318	0.9078	3	38	ISLQMGTNKVASQKGMSVYGLGRQVYD(P)KYCAAPTEPVIHNGSQGTGTNGSEISD	ISLQMGTNKVASQKGMSVYGLGRQVYD(S)KYCAAPTEPVIHNGSQGTGTNGSEISD													G	A	0.21526642693690748		0.21526642693690748	38	0.07894736842105263	0.23684210526315788		-0.0331885201275541	0.6602689346052184		1.0	0.1224331757857352	2.8859420899923443
Somatic	missense_variant	chr2	1903254	MYT1L	ENSG00000186487	ENST00000647738	Q9UL68-1	0.73		EIPQYSYRNNVPTTT	CFVKQLEIPQYSYRNNVPTTTPRSNLA	QYSYRNNVP	QLEIPQYSYRNNVP	3.0	1.0	DRB3_0101		0.040243997288919	CASSNGQPNTEAFF	0.24412574	0.9078	1	2	DVSKSSQASDRVLRPMCFVKQLEIPQY(G)YRNNVPTTTPRSNLAKELEKYSKTSFE	DVSKSSQASDRVLRPMCFVKQLEIPQY(S)YRNNVPTTTPRSNLAKELEKYSKTSFE													C	T	0.009480222294867604		0.009480222294867604	2	0.5	0.5		-0.040243997288919	0.5872888173773133		0.055608820709491864	0.26128868594622	2.8717326414016933
Somatic	missense_variant	chr13	40560044	FOXO1	ENSG00000150907	ENST00000379561	Q12778	1.16		WVAQPNSRVLGQNVM	MTPVDPWVAQPNSRVLGQNVMMGPNSV	QPNSRVLGQ	AQPNSRVLGQN			DRB1_0701		0.0372884745725047	CASSNGQPNTEAFF	0.21692172	0.9078	1	3	NCAPGLLKELLTSDSPPHNDIMTPVDP(G)VAQPNSRVLGQNVMMGPNSVMSTYGSQ	NCAPGLLKELLTSDSPPHNDIMTPVDP(W)VAQPNSRVLGQNVMMGPNSVMSTYGSQ													C	A	0.016508662961752206		0.016508662961752206	3	0.3333333333333333	0.3333333333333333		-0.0372884745725047	0.6178600160901053		0.09683604985618408	0.17334686284457965	2.8181337900495804
Somatic	missense_variant	chr16	24943776	ARHGAP17	ENSG00000140750	ENST00000289968		5.2		DWFFLEEVEFNVSEA	PIIQHADWFFLEEVEFNVSEAFVPLTT	FLEEVEFNV	IIQHADWFFLEEVEFNVSEAFV	2.0	1.0	HLA-DPA10103-DPB10401		0.0360551549427228	CASSNGQPNTEAFF	0.13208774	0.9078	1	7	LAEMAAATSVHVVAVIEPIIQHADWFF(P)EEVEFNVSEAFVPLTTPSSNHSFHTGN	LAEMAAATSVHVVAVIEPIIQHADWFF(L)EEVEFNVSEAFVPLTTPSSNHSFHTGN													G	A	0.08254331480876104		0.08254331480876104	7	0.14285714285714285	0.14285714285714285		-0.0360551549427228	0.6306171704401802		0.48418024928092046	0.07284192215699062	2.668152526074702
Somatic	missense_variant	chr7	140753336	BRAF	ENSG00000157764	ENST00000646891	P15056	7.78		DLTVKIGDFGLATEK	NIFLHEDLTVKIGDFGLATEKSRWSGS	VKIGDFGLA	VKIGDFGLAT			DRB1_1501		0.058721569760336	CASSNGQPNTEAFF	0.22787997	0.9078	2	4	IHRDLKSNNIFLHEDLTVKIGDFGLAT(V)KSRWSGSHQFEQLSGSILWMAPEVIRM	IHRDLKSNNIFLHEDLTVKIGDFGLAT(E)KSRWSGSHQFEQLSGSILWMAPEVIRM													A	T	0.12471395881006865		0.12471395881006865	4	0.5	1.0		-0.058721569760336	0.3961613607631309		0.7315436241610738	0.5251141552511412	2.634873753554806
Somatic	missense_variant	chr6	32157911	PPT2	ENSG00000221988	ENST00000324816	G8JLL2	1.02		GHLVLIGGPDDGVIT	KNFLRVGHLVLIGGPDDGVITSWQSSF	VLIGGPDDG	VLIGGPDDGVI			DRB1_1501		0.0470661437095143	CASSNGQPNTEAFF	0.16455492	0.9078	1	2	NATVWRKNFLRVGHLVLIGGPDDGVIT(P)WQSSFFGFYDANETVLEMEEQLVYLRD	NATVWRKNFLRVGHLVLIGGPDDGVIT(S)WQSSFFGFYDANETVLEMEEQLVYLRD													C	T	0.014220333442301407		0.014220333442301407	2	0.5	0.5		-0.0470661437095143	0.5167222158372607		0.08341323106423776	0.26128868594622	2.589466235241483
Somatic	missense_variant	chr9	14801811	FREM1	ENSG00000164946	ENST00000380880	Q5H8C1-1	4.06		LDSSIISAVDLDISQ	EGQMKELDSSIISAVDLDISQDALLFS	SIISAVDLD	DSSIISAVDLDISQDALLFS			HLA-DQA10102-DQB10201		0.0435106276596927	CASSNGQPNTEAFF	0.35043123	0.9078	1	3	VVQNITVCEGQMKELDSSIISAVDLDI(P)QDALLFSITQKPRHGLLIDRGFSKDFS	VVQNITVCEGQMKELDSSIISAVDLDI(S)QDALLFSITQKPRHGLLIDRGFSKDFS													G	A	0.06390977443609022		0.06390977443609022	3	0.3333333333333333	0.3333333333333333		-0.0435106276596927	0.5534995977473853		0.37488015340364333	0.17334686284457965	2.5606921166787004
Somatic	missense_variant	chr11	78109479	ALG8	ENSG00000159063	ENST00000299626	Q9BVK2-1	2.92		LVQQFQHTVLPSVTL	ASMTSGLVQQFQHTVLPSVTLLATLIC	QFQHTVLPS	QQFQHTVLPSVTLL			DRB1_0701		0.048777235808491	CASSNGQPNTEAFF	0.21869378	0.9078	2	8	DPNNIPKASMTSGLVQQFQHTVLPSVT(P)LATLICTLIAILPSIFCLWFKPQGPRG	DPNNIPKASMTSGLVQQFQHTVLPSVT(L)LATLICTLIAILPSIFCLWFKPQGPRG													G	A	0.04527623406341942		0.04527623406341942	8	0.25	0.5		-0.048777235808491	0.4990231007930127		0.26558005752636626	0.26128868594622	2.518669775064491
Somatic	missense_variant	chr4	122934567	AFG2A	ENSG00000145375	ENST00000274008	Q8NB90-1	3.08		NTDTFYFVSSTTRVN	SIGAKCNTDTFYFVSSTTRVNFTEIDK	TFYFVSSTT	NTDTFYFVSSTTRV	5.0	1.0	HLA-DPA10103-DPB10401		0.0790657881579093	CASSNGQPNTEAFF	0.075701915	0.9078	5	15	GNEQLTEEERLLKFSIGAKCNTDTFYF(I)SSTTRVNFTEIDKNSKEQDNQFKVTYD	GNEQLTEEERLLKFSIGAKCNTDTFYF(V)SSTTRVNFTEIDKNSKEQDNQFKVTYD													A	G	0.047891467799934626		0.047891467799934626	15	0.3333333333333333	1.6666666666666665		-0.0790657881579093	0.1857257786461335		0.2809204218600192	0.8768814476577028	2.49666600989994
Somatic	missense_variant	chr10	68493558	SLC25A16	ENSG00000122912	ENST00000609923	P16260	1.85		TAAICTYPLDMVRVR	GSMAGMTAAICTYPLDMVRVRLAFQVK	ICTYPLDMV	RLMAGSMAGMTAAICTYPLDMVRV			DRB4_0101		0.043099521116432	CASSNGQPNTEAFF	0.18129244	0.9078	1	4	KTLITTKLGISGHVHRLMAGSMAGMTA(V)ICTYPLDMVRVRLAFQVKGEHSYTGII	KTLITTKLGISGHVHRLMAGSMAGMTA(A)ICTYPLDMVRVRLAFQVKGEHSYTGII													A	G	0.027786858450474013		0.027786858450474013	4	0.25	0.25		-0.043099521116432	0.5577519825307442		0.16299137104506234	0.12937595129375945	2.4897598327104955
Somatic	missense_variant	chr19	44909207	APOE	ENSG00000130203	ENST00000252486	P02649	61.33		RQWAGLVEKVQAVVG	LVEDMQRQWAGLVEKVQAVVGTSAAPV	AGLVEKVQA	AGLVEKVQAVVGTS			DRB1_0701		0.0853657181586871	CASSNGQPNTEAFF	0.15590832		45	137	ARLKSWFEPLVEDMQRQWAGLVEKVQA(A)VGTSAAPVPSDNH	ARLKSWFEPLVEDMQRQWAGLVEKVQA(V)VGTSAAPVPSDNH													C	T	1.0		1.0	137	0.3284671532846715	14.781021897810218		-0.0853657181586871	0.12056085507412995		1.0	1.0	2.48224342029652
Somatic	missense_variant	chr3	184327867	EIF4G1	ENSG00000114867	ENST00000346169	Q04637-1	10.58		LLFIFVRHGVESTLE	ELASPFLLFIFVRHGVESTLERSAIAR	IFVRHGVES	LFIFVRHGVES			DRB1_1501		0.0420106443261741	CASSNGQPNTEAFF	0.32988617	0.9078	1	6	SKAIIEEYLHLNDMKEAVQCVQELASP(S)LLFIFVRHGVESTLERSAIAREHMGQL	SKAIIEEYLHLNDMKEAVQCVQELASP(F)LLFIFVRHGVESTLERSAIAREHMGQL													C	T	0.17048054919908467		0.17048054919908467	6	0.16666666666666666	0.16666666666666666		-0.0420106443261741	0.5690150557407203		1.0	0.08540503974293924	2.44687030244876
Somatic	missense_variant	chr19	37186831	ZNF585B	ENSG00000245680	ENST00000532828	Q52M93	1.96		GFPYNSDLSIHEKIY	CSECGKGFPYNSDLSIHEKIYTGERHH	YNSDLSIHE	PYNSDLSIHE			HLA-DPA10103-DPB10401		0.0862434861834868	CASSNGQPNTEAFF	0.1560721	0.9078	5	10	TGEKLYECSECGKGFPYNSDLSIHEKI(H)TGERHHECTDCGKAFTQKSTLKIHQKI	TGEKLYECSECGKGFPYNSDLSIHEKI(Y)TGERHHECTDCGKAFTQKSTLKIHQKI													G	A	0.02958483164432821		0.02958483164432821	10	0.5	2.5		-0.0862434861834868	0.1114814389150679		0.1735378715244487	1.0	2.4459257556602716
Somatic	missense_variant	chr11	104037922	DDI1	ENSG00000170967	ENST00000302259	Q8WTU0	0.15		TGTQTYFLPEGELRL	VLVIGTTGTQTYFLPEGELRLCSRMVS	QTYFLPEGE	GTQTYFLPEGEL			HLA-DPA10103-DPB10401		0.0653326074154732	CASSNGQPNTEAFF	0.0717716	0.9078	1	1	CSIDLKKNVLVIGTTGTQTYFLPEGEL(P)LCSRMVSGQDESSDKEITHSVMDSGRK	CSIDLKKNVLVIGTTGTQTYFLPEGEL(R)LCSRMVSGQDESSDKEITHSVMDSGRK													C	G	0.0		0.0	1	1.0	1.0		-0.0653326074154732	0.3277784162739913		0.0	0.5251141552511412	2.361341975598248
Somatic	missense_variant	chr12	101312218	UTP20	ENSG00000120800	ENST00000261637	O75691	2.13		LLWRALTKFSERVEP	HTNFRFLLWRALTKFSERVEPRSRELS	RALTKFSER	LLWRALTKFSERVE	7.0	1.0	HLA-DQA10201-DQB10602		0.0430884101287764	CASSNGQPNTEAFF	0.11096789		1	12	LALKTDCQERLDHTNFRFLLWRALTKF(P)ERVEPRSRELSPLFLRFINNEYYPADL	LALKTDCQERLDHTNFRFLLWRALTKF(S)ERVEPRSRELSPLFLRFINNEYYPADL													C	T	0.03236351748937562		0.03236351748937562	12	0.08333333333333333	0.08333333333333333		-0.0430884101287764	0.5578669118492124		0.18983700862895497	0.041434128192119044	2.314335903781088
Somatic	missense_variant	chr12	101312218	UTP20	ENSG00000120800	ENST00000261637	O75691	2.13		FLLWRALTKFSERVE	DHTNFRFLLWRALTKFSERVEPRSREL	WRALTKFSE	LLWRALTKFSERVE	8.0	1.0	DRB1_0701		0.0436995144498394	CASSNGQPNTEAFF	0.1934321		1	12	LALKTDCQERLDHTNFRFLLWRALTKF(P)ERVEPRSRELSPLFLRFINNEYYPADL	LALKTDCQERLDHTNFRFLLWRALTKF(S)ERVEPRSRELSPLFLRFINNEYYPADL													C	T	0.03236351748937562		0.03236351748937562	12	0.08333333333333333	0.08333333333333333		-0.0436995144498394	0.5515457993334107		0.18983700862895497	0.041434128192119044	2.289051453717881
Somatic	missense_variant	chr11	104037922	DDI1	ENSG00000170967	ENST00000302259	Q8WTU0	0.15		GTQTYFLPEGELRLC	LVIGTTGTQTYFLPEGELRLCSRMVSG	TYFLPEGEL	GTQTYFLPEGEL			HLA-DQA10102-DQB10201		0.0686436817368696	CASSNGQPNTEAFF	0.18062723	0.9078	1	1	CSIDLKKNVLVIGTTGTQTYFLPEGEL(P)LCSRMVSGQDESSDKEITHSVMDSGRK	CSIDLKKNVLVIGTTGTQTYFLPEGEL(R)LCSRMVSGQDESSDKEITHSVMDSGRK													C	G	0.0		0.0	1	1.0	1.0		-0.0686436817368696	0.29352947937018736		0.0	0.5251141552511412	2.224346227983032
Somatic	missense_variant	chr4	122934567	AFG2A	ENSG00000145375	ENST00000274008	Q8NB90-1	3.08		AKCNTDTFYFVSSTT	LKFSIGAKCNTDTFYFVSSTTRVNFTE	NTDTFYFVS	NTDTFYFVSSTTRV	8.0	1.0	HLA-DPA10103-DPB10401		0.0861768202575526	CASSNGQPNTEAFF	0.5233505	0.9078	5	15	GNEQLTEEERLLKFSIGAKCNTDTFYF(I)SSTTRVNFTEIDKNSKEQDNQFKVTYD	GNEQLTEEERLLKFSIGAKCNTDTFYF(V)SSTTRVNFTEIDKNSKEQDNQFKVTYD													A	G	0.047891467799934626		0.047891467799934626	15	0.3333333333333333	1.6666666666666665		-0.0861768202575526	0.11217101482588321		0.2809204218600192	0.8768814476577028	2.2024469546189387
Somatic	missense_variant	chr9	21971097	CDKN2A	ENSG00000147889	ENST00000304494	P42771-1	8.54		ARKGFLDTLVVLHRA	RPVHDAARKGFLDTLVVLHRAGARLDV	GFLDTLVVL	VHDAARKGFLDTLVVLHR			HLA-DPA10103-DPB10401		0.0507883245741713	CASSNGQPNTEAFF	0.09356114	0.9078	1	4	ELLLLHGAEPNCADPATLTRPVHDAAR(E)GFLDTLVVLHRAGARLDVRDAWGRLPV	ELLLLHGAEPNCADPATLTRPVHDAAR(K)GFLDTLVVLHRAGARLDVRDAWGRLPV													C	T	0.13713631905851584		0.13713631905851584	4	0.25	0.25		-0.0507883245741713	0.47822089415009894		0.804410354745925	0.12937595129375945	2.1716354791879144
Somatic	missense_variant	chr11	78109479	ALG8	ENSG00000159063	ENST00000299626	Q9BVK2-1	2.92		TLLATLICTLIAILP	TVLPSVTLLATLICTLIAILPSIFCLW	ATLICTLIA	LATLICTLIAIL			DRB1_0701		0.058754902723303	CASSNGQPNTEAFF	0.20419475	0.9078	2	8	DPNNIPKASMTSGLVQQFQHTVLPSVT(P)LATLICTLIAILPSIFCLWFKPQGPRG	DPNNIPKASMTSGLVQQFQHTVLPSVT(L)LATLICTLIAILPSIFCLWFKPQGPRG													G	A	0.04527623406341942		0.04527623406341942	8	0.25	0.5		-0.058754902723303	0.3958165728077243		0.26558005752636626	0.26128868594622	2.1058436631233373
Somatic	missense_variant	chr4	150868269	LRBA	ENSG00000198589	ENST00000651943	A0A494C1L5	5.23		NPQILKVIATLLRNF	SSVKIQNPQILKVIATLLRNFPQCPES	ILKVIATLL	ILKVIATLLR			DRB1_1501		0.0587660137109588	CASSNGQPNTEAFF	0.20855632	0.9078	3	18	KQHPDPDSSVKIQNPQILKVIATLLRN(S)PQCPESMEVRRAFLSDMIKLFNNSREN	KQHPDPDSSVKIQNPQILKVIATLLRN(F)PQCPESMEVRRAFLSDMIKLFNNSREN													G	A	0.08303367113435765		0.08303367113435765	18	0.16666666666666666	0.5		-0.0587660137109588	0.3957016434892541		0.48705656759348054	0.26128868594622	2.1053839458494563
Somatic	missense_variant	chr11	104037922	DDI1	ENSG00000170967	ENST00000302259	Q8WTU0	0.15		PEGELRLCSRMVSGQ	TQTYFLPEGELRLCSRMVSGQDESSDK	ELRLCSRMV	ELRLCSRMV	3.0	1.0	DRB1_1501		0.0737547360584882	CASSNGQPNTEAFF	0.14939493	0.9078	1	1	CSIDLKKNVLVIGTTGTQTYFLPEGEL(P)LCSRMVSGQDESSDKEITHSVMDSGRK	CSIDLKKNVLVIGTTGTQTYFLPEGEL(R)LCSRMVSGQDESSDKEITHSVMDSGRK													C	G	0.0		0.0	1	1.0	1.0		-0.0737547360584882	0.24066199287438284		0.0	0.5251141552511412	2.012876281999814
Somatic	missense_variant	chr9	14801811	FREM1	ENSG00000164946	ENST00000380880	Q5H8C1-1	4.06		ELDSSIISAVDLDIS	CEGQMKELDSSIISAVDLDISQDALLF	SSIISAVDL	DSSIISAVDLDISQDALLFS			HLA-DPA10103-DPB10401		0.0587437917356473	CASSNGQPNTEAFF	0.19173938	0.9078	1	3	VVQNITVCEGQMKELDSSIISAVDLDI(P)QDALLFSITQKPRHGLLIDRGFSKDFS	VVQNITVCEGQMKELDSSIISAVDLDI(S)QDALLFSITQKPRHGLLIDRGFSKDFS													G	A	0.06390977443609022		0.06390977443609022	3	0.3333333333333333	0.3333333333333333		-0.0587437917356473	0.39593150212619355		0.37488015340364333	0.17334686284457965	1.9304197341939335
Somatic	missense_variant	chr6	32157911	PPT2	ENSG00000221988	ENST00000324816	G8JLL2	1.02		WQSSFFGFYDANETV	DGVITSWQSSFFGFYDANETVLEMEEQ	SFFGFYDAN	SFFGFYDAN			HLA-DPA10103-DPB10401		0.0635326274152509	CASSNGQPNTEAFF	0.16633976	0.9078	1	2	NATVWRKNFLRVGHLVLIGGPDDGVIT(P)WQSSFFGFYDANETVLEMEEQLVYLRD	NATVWRKNFLRVGHLVLIGGPDDGVIT(S)WQSSFFGFYDANETVLEMEEQLVYLRD													C	T	0.014220333442301407		0.014220333442301407	2	0.5	0.5		-0.0635326274152509	0.3463969658659931		0.08341323106423776	0.26128868594622	1.9081652353564125
Somatic	missense_variant	chr12	101312218	UTP20	ENSG00000120800	ENST00000261637	O75691	2.13		FRFLLWRALTKFSER	RLDHTNFRFLLWRALTKFSERVEPRSR	LLWRALTKF	LLWRALTKFSERVE			DRB1_1501		0.054088287907912	CASSNGQPNTEAFF	0.10225146		1	12	LALKTDCQERLDHTNFRFLLWRALTKF(P)ERVEPRSRELSPLFLRFINNEYYPADL	LALKTDCQERLDHTNFRFLLWRALTKF(S)ERVEPRSRELSPLFLRFINNEYYPADL													C	T	0.03236351748937562		0.03236351748937562	12	0.08333333333333333	0.08333333333333333		-0.054088287907912	0.44408688656476425		0.18983700862895497	0.041434128192119044	1.859215802643295
Somatic	missense_variant	chr10	68493558	SLC25A16	ENSG00000122912	ENST00000609923	P16260	1.85		AICTYPLDMVRVRLA	MAGMTAAICTYPLDMVRVRLAFQVKGE	TYPLDMVRV	RLMAGSMAGMTAAICTYPLDMVRV			DRB4_0101		0.0589660114887612	CASSNGQPNTEAFF	0.11894347	0.9078	1	4	KTLITTKLGISGHVHRLMAGSMAGMTA(V)ICTYPLDMVRVRLAFQVKGEHSYTGII	KTLITTKLGISGHVHRLMAGSMAGMTA(A)ICTYPLDMVRVRLAFQVKGEHSYTGII													A	G	0.027786858450474013		0.027786858450474013	4	0.25	0.25		-0.0589660114887612	0.39363291575681025		0.16299137104506234	0.12937595129375945	1.83328356561476
Somatic	missense_variant	chr9	14801811	FREM1	ENSG00000164946	ENST00000380880	Q5H8C1-1	4.06		DSSIISAVDLDISQD	GQMKELDSSIISAVDLDISQDALLFSI	IISAVDLDI	DSSIISAVDLDISQDALLFS			HLA-DQA10102-DQB10201		0.0614548727236363	CASSNGQPNTEAFF	0.26599303	0.9078	1	3	VVQNITVCEGQMKELDSSIISAVDLDI(P)QDALLFSITQKPRHGLLIDRGFSKDFS	VVQNITVCEGQMKELDSSIISAVDLDI(S)QDALLFSITQKPRHGLLIDRGFSKDFS													G	A	0.06390977443609022		0.06390977443609022	3	0.3333333333333333	0.3333333333333333		-0.0614548727236363	0.3678887484197232		0.37488015340364333	0.17334686284457965	1.818248719368052
Somatic	missense_variant	chr11	78109479	ALG8	ENSG00000159063	ENST00000299626	Q9BVK2-1	2.92		VTLLATLICTLIAIL	HTVLPSVTLLATLICTLIAILPSIFCL	LATLICTLI	LATLICTLIAIL			DRB1_0701		0.068010355440495	CASSNGQPNTEAFF	0.12638742	0.9078	2	8	DPNNIPKASMTSGLVQQFQHTVLPSVT(P)LATLICTLIAILPSIFCLWFKPQGPRG	DPNNIPKASMTSGLVQQFQHTVLPSVT(L)LATLICTLIAILPSIFCLWFKPQGPRG													G	A	0.04527623406341942		0.04527623406341942	8	0.25	0.5		-0.068010355440495	0.30008045052292975		0.26558005752636626	0.26128868594622	1.722899173984159
Somatic	missense_variant	chr9	14801811	FREM1	ENSG00000164946	ENST00000380880	Q5H8C1-1	4.06		SSIISAVDLDISQDA	QMKELDSSIISAVDLDISQDALLFSIT	ISAVDLDIS	DSSIISAVDLDISQDALLFS	9.0	2.0	HLA-DQA10102-DQB10201	0.2764142732811121	0.0638326240819546	CASSNGQPNTEAFF	0.3413174	0.9078	1	3	VVQNITVCEGQMKELDSSIISAVDLDI(P)QDALLFSITQKPRHGLLIDRGFSKDFS	VVQNITVCEGQMKELDSSIISAVDLDI(S)QDALLFSITQKPRHGLLIDRGFSKDFS													G	A	0.06390977443609022		0.06390977443609022	3	0.3333333333333333	0.3333333333333333	-0.2764142732811121	-0.0638326240819546	0.34329387426732627	0.0	0.37488015340364333	0.17334686284457965	1.7198692227584644
Somatic	missense_variant	chr19	2102247	AP3D1	ENSG00000065000	ENST00000643116	O14617-5	8.44		LLVKKGENSVSVNGK	QGHHVCLLVKKGENSVSVNGKCSDSTL	KKGENSVSV	KKGENSVSV			HLA-DQA10201-DQB10602		0.0901545538382907	CASSNGQPNTEAFF	0.09502934	0.9078	4	12	CASMYSRSIQGHHVCLLVKKGENSVSV(D)GKCSDSTLLSNLLEEMKATLAKC	CASMYSRSIQGHHVCLLVKKGENSVSV(N)GKCSDSTLLSNLLEEMKATLAKC													C	T	0.13550179797319384		0.13550179797319384	12	0.3333333333333333	1.3333333333333333		-0.0901545538382907	0.07102631881392951		0.7948226270373921	0.7009978014544219	1.686100878164562
Somatic	missense_variant	chr10	68493558	SLC25A16	ENSG00000122912	ENST00000609923	P16260	1.85		RLMAGSMAGMTAAIC	ISGHVHRLMAGSMAGMTAAICTYPLDM	AGSMAGMTA	RLMAGSMAGMTAAICTYPLDMVRV			DRB1_0701		0.0634437395140053	CASSNGQPNTEAFF	0.25622657	0.9078	1	4	KTLITTKLGISGHVHRLMAGSMAGMTA(V)ICTYPLDMVRVRLAFQVKGEHSYTGII	KTLITTKLGISGHVHRLMAGSMAGMTA(A)ICTYPLDMVRVRLAFQVKGEHSYTGII													A	G	0.027786858450474013		0.027786858450474013	4	0.25	0.25		-0.0634437395140053	0.3473164004137469		0.16299137104506234	0.12937595129375945	1.6480175042425065
Somatic	missense_variant	chr3	184327867	EIF4G1	ENSG00000114867	ENST00000346169	Q04637-1	10.58		PFLLFIFVRHGVEST	VQELASPFLLFIFVRHGVESTLERSAI	LFIFVRHGV	LFIFVRHGVES			DRB1_1501		0.0623881956867146	CASSNGQPNTEAFF	0.14788957	0.9078	1	6	SKAIIEEYLHLNDMKEAVQCVQELASP(S)LLFIFVRHGVESTLERSAIAREHMGQL	SKAIIEEYLHLNDMKEAVQCVQELASP(F)LLFIFVRHGVESTLERSAIAREHMGQL													C	T	0.17048054919908467		0.17048054919908467	6	0.16666666666666666	0.16666666666666666		-0.0623881956867146	0.35823468566831407		1.0	0.08540503974293924	1.6037488221591347
Somatic	missense_variant	chr9	21971097	CDKN2A	ENSG00000147889	ENST00000304494	P42771-1	8.54		KGFLDTLVVLHRAGA	VHDAARKGFLDTLVVLHRAGARLDVRD	LDTLVVLHR	VHDAARKGFLDTLVVLHR			DRB1_1501		0.0669881445761714	CASSNGQPNTEAFF	0.312802	0.9078	1	4	ELLLLHGAEPNCADPATLTRPVHDAAR(E)GFLDTLVVLHRAGARLDVRDAWGRLPV	ELLLLHGAEPNCADPATLTRPVHDAAR(K)GFLDTLVVLHRAGARLDVRDAWGRLPV													C	T	0.13713631905851584		0.13713631905851584	4	0.25	0.25		-0.0669881445761714	0.3106539478220893		0.804410354745925	0.12937595129375945	1.5013676938758762
Somatic	missense_variant	chr10	68493558	SLC25A16	ENSG00000122912	ENST00000609923	P16260	1.85		AAICTYPLDMVRVRL	SMAGMTAAICTYPLDMVRVRLAFQVKG	CTYPLDMVR	RLMAGSMAGMTAAICTYPLDMVRV			HLA-DQA10102-DQB10201		0.0671103654403839	CASSNGQPNTEAFF	0.08061695	0.9078	1	4	KTLITTKLGISGHVHRLMAGSMAGMTA(V)ICTYPLDMVRVRLAFQVKGEHSYTGII	KTLITTKLGISGHVHRLMAGSMAGMTA(A)ICTYPLDMVRVRLAFQVKGEHSYTGII													A	G	0.027786858450474013		0.027786858450474013	4	0.25	0.25		-0.0671103654403839	0.30938972531893005		0.16299137104506234	0.12937595129375945	1.4963108038632391
Somatic	missense_variant	chr13	40560044	FOXO1	ENSG00000150907	ENST00000379561	Q12778	1.16		VAQPNSRVLGQNVMM	TPVDPWVAQPNSRVLGQNVMMGPNSVM	PNSRVLGQN	AQPNSRVLGQN			DRB4_0101		0.0692436750702769	CASSNGQPNTEAFF	0.28325665	0.9078	1	3	NCAPGLLKELLTSDSPPHNDIMTPVDP(G)VAQPNSRVLGQNVMMGPNSVMSTYGSQ	NCAPGLLKELLTSDSPPHNDIMTPVDP(W)VAQPNSRVLGQNVMMGPNSVMSTYGSQ													C	A	0.016508662961752206		0.016508662961752206	3	0.3333333333333333	0.3333333333333333		-0.0692436750702769	0.2873232961728549		0.09683604985618408	0.17334686284457965	1.495986910380579
Somatic	missense_variant	chr11	78109479	ALG8	ENSG00000159063	ENST00000299626	Q9BVK2-1	2.92		GLVQQFQHTVLPSVT	KASMTSGLVQQFQHTVLPSVTLLATLI	QQFQHTVLP	QQFQHTVLPSVTLL			DRB1_0701		0.0743325074165842	CASSNGQPNTEAFF	0.3571263	0.9078	2	8	DPNNIPKASMTSGLVQQFQHTVLPSVT(P)LATLICTLIAILPSIFCLWFKPQGPRG	DPNNIPKASMTSGLVQQFQHTVLPSVT(L)LATLICTLIAILPSIFCLWFKPQGPRG													G	A	0.04527623406341942		0.04527623406341942	8	0.25	0.5		-0.0743325074165842	0.23468566831398774		0.26558005752636626	0.26128868594622	1.461320045148391
Somatic	missense_variant	chr11	78109479	ALG8	ENSG00000159063	ENST00000299626	Q9BVK2-1	2.92		VQQFQHTVLPSVTLL	SMTSGLVQQFQHTVLPSVTLLATLICT	FQHTVLPSV	QQFQHTVLPSVTLL			DRB1_0701		0.0746102821079766	CASSNGQPNTEAFF	0.3004238	0.9078	2	8	DPNNIPKASMTSGLVQQFQHTVLPSVT(P)LATLICTLIAILPSIFCLWFKPQGPRG	DPNNIPKASMTSGLVQQFQHTVLPSVT(L)LATLICTLIAILPSIFCLWFKPQGPRG													G	A	0.04527623406341942		0.04527623406341942	8	0.25	0.5		-0.0746102821079766	0.23181243535225837		0.26558005752636626	0.26128868594622	1.4498271133014735
Somatic	missense_variant	chr3	12836204	RPL32	ENSG00000144713	ENST00000429711	F8W727	46.2		HNVSSKNRKAIVERA	YCAEITHNVSSKNRKAIVERAAQLAIR	SSKNRKAIV	SSKNRKAIV			DRB4_0101		0.0623659737114031	CASSNGQPNTEAFF	0.21092543		1	208	GFRKFLVHNVKELEVLLMCNKSYCAEI(A)HNVSSKNRKAIVERAAQLAIRVTNPNA	GFRKFLVHNVKELEVLLMCNKSYCAEI(T)HNVSSKNRKAIVERAAQLAIRVTNPNA													C	T	0.7526969597907814		0.7526969597907814	208	0.004807692307692308	0.004807692307692308		-0.0623659737114031	0.35846454430525354		1.0	0.0	1.4338581772210142
Somatic	missense_variant	chr9	14801811	FREM1	ENSG00000164946	ENST00000380880	Q5H8C1-1	4.06		SAVDLDISQDALLFS	LDSSIISAVDLDISQDALLFSITQKPR	DLDISQDAL	DSSIISAVDLDISQDALLFS	5.0	1.0	HLA-DQA10102-DQB10201		0.070943656181598	CASSNGQPNTEAFF	0.32775325	0.9078	1	3	VVQNITVCEGQMKELDSSIISAVDLDI(P)QDALLFSITQKPRHGLLIDRGFSKDFS	VVQNITVCEGQMKELDSSIISAVDLDI(S)QDALLFSITQKPRHGLLIDRGFSKDFS													G	A	0.06390977443609022		0.06390977443609022	3	0.3333333333333333	0.3333333333333333		-0.070943656181598	0.2697391104470751		0.37488015340364333	0.17334686284457965	1.4256501674774598
Somatic	missense_variant	chr7	140753336	BRAF	ENSG00000157764	ENST00000646891	P15056	7.78		LTVKIGDFGLATEKS	IFLHEDLTVKIGDFGLATEKSRWSGSH	KIGDFGLAT	VKIGDFGLAT			DRB1_1501		0.0909212119865334	CASREAGVGNQPQHF	0.10516733	0.9078	2	4	IHRDLKSNNIFLHEDLTVKIGDFGLAT(V)KSRWSGSHQFEQLSGSILWMAPEVIRM	IHRDLKSNNIFLHEDLTVKIGDFGLAT(E)KSRWSGSHQFEQLSGSILWMAPEVIRM													A	T	0.12471395881006865		0.12471395881006865	4	0.5	1.0		-0.0909212119865334	0.06309619583955972		0.7315436241610738	0.5251141552511412	1.3026130938605214
Somatic	missense_variant	chr16	24943776	ARHGAP17	ENSG00000140750	ENST00000289968		5.2		IQHADWFFLEEVEFN	AVIEPIIQHADWFFLEEVEFNVSEAFV	ADWFFLEEV	IIQHADWFFLEEVEFNVSEAFV	6.0	2.0	HLA-DQA10102-DQB10201	0.1609621993127141	0.0808324351951644	CASSNGQPNTEAFF	0.33341014	0.9078	1	7	LAEMAAATSVHVVAVIEPIIQHADWFF(P)EEVEFNVSEAFVPLTTPSSNHSFHTGN	LAEMAAATSVHVVAVIEPIIQHADWFF(L)EEVEFNVSEAFVPLTTPSSNHSFHTGN													G	A	0.08254331480876104		0.08254331480876104	7	0.14285714285714285	0.14285714285714285	-0.1609621993127141	-0.0808324351951644	0.16745201700954027	0.47439584372224	0.48418024928092046	0.07284192215699062	1.2898877560743822
Somatic	missense_variant	chr6	32157911	PPT2	ENSG00000221988	ENST00000324816	G8JLL2	1.02		LVLIGGPDDGVITSW	FLRVGHLVLIGGPDDGVITSWQSSFFG	IGGPDDGVI	VLIGGPDDGVI			DRB1_1501		0.0787769024788613	CASSNGQPNTEAFF	0.21734965	0.9078	1	2	NATVWRKNFLRVGHLVLIGGPDDGVIT(P)WQSSFFGFYDANETVLEMEEQLVYLRD	NATVWRKNFLRVGHLVLIGGPDDGVIT(S)WQSSFFGFYDANETVLEMEEQLVYLRD													C	T	0.014220333442301407		0.014220333442301407	2	0.5	0.5		-0.0787769024788613	0.1887139409263311		0.08341323106423776	0.26128868594622	1.2774331355977644
Somatic	missense_variant	chr10	68493558	SLC25A16	ENSG00000122912	ENST00000609923	P16260	1.85		SMAGMTAAICTYPLD	HRLMAGSMAGMTAAICTYPLDMVRVRL	GMTAAICTY	RLMAGSMAGMTAAICTYPLDMVRV	5.0	1.0	HLA-DQA10201-DQB10602		0.0732880745769491	CASSNGQPNTEAFF	0.17453143	0.9078	1	4	KTLITTKLGISGHVHRLMAGSMAGMTA(V)ICTYPLDMVRVRLAFQVKGEHSYTGII	KTLITTKLGISGHVHRLMAGSMAGMTA(A)ICTYPLDMVRVRLAFQVKGEHSYTGII													A	G	0.027786858450474013		0.027786858450474013	4	0.25	0.25		-0.0732880745769491	0.2454890242500869		0.16299137104506234	0.12937595129375945	1.2407079995878665
Somatic	missense_variant	chr2	47463049	MSH2	ENSG00000095002	ENST00000233146	P43246-1	1.44		FFVKPSFDPNLSELR	QVENHEFFVKPSFDPNLSELREIMNDL	KPSFDPNLS	DMDQVENHEFFVKPSFDPNLS			DRB3_0101		0.070688103465517	CASSNGQPNTEAFF	0.119625986	0.9078	1	9	DLRSDFSKFQEMIETTLDMDQVENHEF(L)VKPSFDPNLSELREIMNDLEKKMQSTL	DLRSDFSKFQEMIETTLDMDQVENHEF(F)VKPSFDPNLSELREIMNDLEKKMQSTL													C	T	0.021085322000653807		0.021085322000653807	9	0.1111111111111111	0.1111111111111111		-0.070688103465517	0.272382484771866		0.1236816874400767	0.05609109870905912	1.2017121365055823
Somatic	missense_variant	chr1	94897924	CNN3	ENSG00000117519	ENST00000370206	Q15417-1	13.32		QVYDSKYCAAPTEPV	VYGLGRQVYDSKYCAAPTEPVIHNGSQ	DSKYCAAPT	DSKYCAAPTEP	2.0	1.0	HLA-DQA10102-DQB10201		0.0752880523549738	CASSNGQPNTEAFF	0.19169173	0.9078	3	38	ISLQMGTNKVASQKGMSVYGLGRQVYD(P)KYCAAPTEPVIHNGSQGTGTNGSEISD	ISLQMGTNKVASQKGMSVYGLGRQVYD(S)KYCAAPTEPVIHNGSQGTGTNGSEISD													G	A	0.21526642693690748		0.21526642693690748	38	0.07894736842105263	0.23684210526315788		-0.0752880523549738	0.22480174692564137		1.0	0.1224331757857352	1.1440733392740359
Somatic	missense_variant	chr2	1903254	MYT1L	ENSG00000186487	ENST00000647738	Q9UL68-1	0.73		FVKQLEIPQYSYRNN	VLRPMCFVKQLEIPQYSYRNNVPTTTP	QLEIPQYSY	QLEIPQYSYRNNVP	8.0	1.0	DRB3_0101		0.0822435306274375	CASREAGVGNQPQHF	0.110467054	0.9078	1	2	DVSKSSQASDRVLRPMCFVKQLEIPQY(G)YRNNVPTTTPRSNLAKELEKYSKTSFE	DVSKSSQASDRVLRPMCFVKQLEIPQY(S)YRNNVPTTTPRSNLAKELEKYSKTSFE													C	T	0.009480222294867604		0.009480222294867604	2	0.5	0.5		-0.0822435306274375	0.15285599356395807		0.055608820709491864	0.26128868594622	1.1340013461482723
Somatic	missense_variant	chr11	78109479	ALG8	ENSG00000159063	ENST00000299626	Q9BVK2-1	2.92		FQHTVLPSVTLLATL	SGLVQQFQHTVLPSVTLLATLICTLIA	TVLPSVTLL	QQFQHTVLPSVTLL	8.0	1.0	DRB1_0701		0.0832879634670725	CASSNGQPNTEAFF	0.22195691	0.9078	2	8	DPNNIPKASMTSGLVQQFQHTVLPSVT(P)LATLICTLIAILPSIFCLWFKPQGPRG	DPNNIPKASMTSGLVQQFQHTVLPSVT(L)LATLICTLIAILPSIFCLWFKPQGPRG													G	A	0.04527623406341942		0.04527623406341942	8	0.25	0.5		-0.0832879634670725	0.14205263762786002		0.26558005752636626	0.26128868594622	1.0907879224038801
Somatic	missense_variant	chr16	24943776	ARHGAP17	ENSG00000140750	ENST00000289968		5.2		ADWFFLEEVEFNVSE	EPIIQHADWFFLEEVEFNVSEAFVPLT	FFLEEVEFN	IIQHADWFFLEEVEFNVSEAFV	3.0	1.0	HLA-DQA10102-DQB10201		0.0748213908734347	CASSNGQPNTEAFF	0.21036139	0.9078	1	7	LAEMAAATSVHVVAVIEPIIQHADWFF(P)EEVEFNVSEAFVPLTTPSSNHSFHTGN	LAEMAAATSVHVVAVIEPIIQHADWFF(L)EEVEFNVSEAFVPLTTPSSNHSFHTGN													G	A	0.08254331480876104		0.08254331480876104	7	0.14285714285714285	0.14285714285714285		-0.0748213908734347	0.22962877830134532		0.48418024928092046	0.07284192215699062	1.0641989575193624
Somatic	missense_variant	chr10	68493558	SLC25A16	ENSG00000122912	ENST00000609923	P16260	1.85		MAGSMAGMTAAICTY	GHVHRLMAGSMAGMTAAICTYPLDMVR	SMAGMTAAI	RLMAGSMAGMTAAICTYPLDMVRV	8.0	1.0	DRB1_0701		0.0786213486516816	CASSNGQPNTEAFF	0.14242843	0.9078	1	4	KTLITTKLGISGHVHRLMAGSMAGMTA(V)ICTYPLDMVRVRLAFQVKGEHSYTGII	KTLITTKLGISGHVHRLMAGSMAGMTA(A)ICTYPLDMVRVRLAFQVKGEHSYTGII													A	G	0.027786858450474013		0.027786858450474013	4	0.25	0.25		-0.0786213486516816	0.19032295138489896		0.16299137104506234	0.12937595129375945	1.0200437081271148
Somatic	missense_variant	chr9	21971097	CDKN2A	ENSG00000147889	ENST00000304494	P42771-1	8.54		RKGFLDTLVVLHRAG	PVHDAARKGFLDTLVVLHRAGARLDVR	FLDTLVVLH	VHDAARKGFLDTLVVLHR			HLA-DPA10103-DPB10401		0.0786769035899601	CSAVALKYPTWEQFF	0.1139859	0.9078	1	4	ELLLLHGAEPNCADPATLTRPVHDAAR(E)GFLDTLVVLHRAGARLDVRDAWGRLPV	ELLLLHGAEPNCADPATLTRPVHDAAR(K)GFLDTLVVLHRAGARLDVRDAWGRLPV													C	T	0.13713631905851584		0.13713631905851584	4	0.25	0.25		-0.0786769035899601	0.1897483047925529		0.804410354745925	0.12937595129375945	1.0177451217577305
Somatic	missense_variant	chr4	150868269	LRBA	ENSG00000198589	ENST00000651943	A0A494C1L5	5.23		PQILKVIATLLRNFP	SVKIQNPQILKVIATLLRNFPQCPESM	LKVIATLLR	ILKVIATLLR			DRB4_0101		0.0945211719869779	CASSNGQPNTEAFF	0.24694194	0.9078	3	18	KQHPDPDSSVKIQNPQILKVIATLLRN(S)PQCPESMEVRRAFLSDMIKLFNNSREN	KQHPDPDSSVKIQNPQILKVIATLLRN(F)PQCPESMEVRRAFLSDMIKLFNNSREN													G	A	0.08303367113435765		0.08303367113435765	18	0.16666666666666666	0.5		-0.0945211719869779	0.02585909665555719		0.48705656759348054	0.26128868594622	0.6260137585146688
Somatic	missense_variant	chr11	78109479	ALG8	ENSG00000159063	ENST00000299626	Q9BVK2-1	2.92		QQFQHTVLPSVTLLA	MTSGLVQQFQHTVLPSVTLLATLICTL	QHTVLPSVT	QQFQHTVLPSVTLL			DRB1_0701		0.0953433850734991	CASSNGQPNTEAFF	0.19335702	0.9078	2	8	DPNNIPKASMTSGLVQQFQHTVLPSVT(P)LATLICTLIAILPSIFCLWFKPQGPRG	DPNNIPKASMTSGLVQQFQHTVLPSVT(L)LATLICTLIAILPSIFCLWFKPQGPRG													G	A	0.04527623406341942		0.04527623406341942	8	0.25	0.5		-0.0953433850734991	0.017354327088841437		0.26558005752636626	0.26128868594622	0.5919946802478058
Somatic	missense_variant	chr13	40560044	FOXO1	ENSG00000150907	ENST00000379561	Q12778	1.16		PWVAQPNSRVLGQNV	IMTPVDPWVAQPNSRVLGQNVMMGPNS	AQPNSRVLG	AQPNSRVLGQN			DRB4_0101		0.0914212064310396	CASSNGQPNTEAFF	0.16428393	0.9078	1	3	NCAPGLLKELLTSDSPPHNDIMTPVDP(G)VAQPNSRVLGQNVMMGPNSVMSTYGSQ	NCAPGLLKELLTSDSPPHNDIMTPVDP(W)VAQPNSRVLGQNVMMGPNSVMSTYGSQ													C	A	0.016508662961752206		0.016508662961752206	3	0.3333333333333333	0.3333333333333333		-0.0914212064310396	0.05792437650844806		0.09683604985618408	0.17334686284457965	0.5783912317229516
Somatic	missense_variant	chr16	24943776	ARHGAP17	ENSG00000140750	ENST00000289968		5.2		PIIQHADWFFLEEVE	VVAVIEPIIQHADWFFLEEVEFNVSEA	QHADWFFLE	IIQHADWFFLEEVEFNVSEAFV	8.0	1.0	HLA-DQA10102-DQB10201		0.08757680470217	CASSNGQPNTEAFF	0.56613946	0.9078	1	7	LAEMAAATSVHVVAVIEPIIQHADWFF(P)EEVEFNVSEAFVPLTTPSSNHSFHTGN	LAEMAAATSVHVVAVIEPIIQHADWFF(L)EEVEFNVSEAFVPLTTPSSNHSFHTGN													G	A	0.08254331480876104		0.08254331480876104	7	0.14285714285714285	0.14285714285714285		-0.08757680470217	0.09768992069877025		0.48418024928092046	0.07284192215699062	0.5364435271090622
Somatic	missense_variant	chr1	94897924	CNN3	ENSG00000117519	ENST00000370206	Q15417-1	13.32		YDSKYCAAPTEPVIH	GLGRQVYDSKYCAAPTEPVIHNGSQGT	KYCAAPTEP	DSKYCAAPTEP			HLA-DQA10201-DQB10602		0.0912212086532372	CASSNGQPNTEAFF	0.291766	0.9078	3	38	ISLQMGTNKVASQKGMSVYGLGRQVYD(P)KYCAAPTEPVIHNGSQGTGTNGSEISD	ISLQMGTNKVASQKGMSVYGLGRQVYD(S)KYCAAPTEPVIHNGSQGTGTNGSEISD													G	A	0.21526642693690748		0.21526642693690748	38	0.07894736842105263	0.23684210526315788		-0.0912212086532372	0.05999310424089188		1.0	0.1224331757857352	0.48483876853503793
Somatic	missense_variant	chr3	12836204	RPL32	ENSG00000144713	ENST00000429711	F8W727	46.2		VLLMCNKSYCAEITH	NVKELEVLLMCNKSYCAEITHNVSSKN	MCNKSYCAE	MCNKSYCAE			HLA-DQA10201-DQB10602		0.0929767447028366	CASSNGQPNTEAFF	0.29264626		1	208	GFRKFLVHNVKELEVLLMCNKSYCAEI(A)HNVSSKNRKAIVERAAQLAIRVTNPNA	GFRKFLVHNVKELEVLLMCNKSYCAEI(T)HNVSSKNRKAIVERAAQLAIRVTNPNA													C	T	0.7526969597907814		0.7526969597907814	208	0.004807692307692308	0.004807692307692308		-0.0929767447028366	0.04183427192276812		1.0	0.0	0.16733708769107247
Somatic	missense_variant	chr2	47463049	MSH2	ENSG00000095002	ENST00000233146	P43246-1	1.44		TTLDMDQVENHEFFV	FQEMIETTLDMDQVENHEFFVKPSFDP	DMDQVENHE	DMDQVENHEFFVKPSFDPNLS			HLA-DQA10102-DQB10201		0.095965600382218	CASSNGQPNTEAFF	0.27752432	0.9078	1	9	DLRSDFSKFQEMIETTLDMDQVENHEF(L)VKPSFDPNLSELREIMNDLEKKMQSTL	DLRSDFSKFQEMIETTLDMDQVENHEF(F)VKPSFDPNLSELREIMNDLEKKMQSTL													C	T	0.021085322000653807		0.021085322000653807	9	0.1111111111111111	0.1111111111111111		-0.095965600382218	0.010918285254568283		0.1236816874400767	0.05609109870905912	0.15585533843639138
Somatic	missense_variant	chr16	24943776	ARHGAP17	ENSG00000140750	ENST00000289968		5.2		IEPIIQHADWFFLEE	VHVVAVIEPIIQHADWFFLEEVEFNVS	IIQHADWFF	IIQHADWFFLEEVEFNVSEAFV			HLA-DQA10102-DQB10201		0.0970211442095088	CASSNGQPNTEAFF	0.25477457	0.9078	1	7	LAEMAAATSVHVVAVIEPIIQHADWFF(P)EEVEFNVSEAFVPLTTPSSNHSFHTGN	LAEMAAATSVHVVAVIEPIIQHADWFF(L)EEVEFNVSEAFVPLTTPSSNHSFHTGN													G	A	0.08254331480876104		0.08254331480876104	7	0.14285714285714285	0.14285714285714285		-0.0970211442095088	0.0		0.48418024928092046	0.07284192215699062	0.14568384431398124
