type	subtype	chrom	pos	gene_name	gene_id	transcript_id	uniprot_id	tpm	ffpm	epitope	epitope_context	cluster_consensus	group	best_allele	agretopicity	affinity	affinity_percentile	CDR3	TCR-score	cellular_prevalence	rna_alts	rna_cov	ref_seq	seq	junction_reads	spanning_frags	isoform	orf_len	cov	fpkm	sv_len	cnv_score	paired_ref	paired_alt	single_ref	single_alt	ref	alt	scaled_tpm	scaled_ffpm	score_expr_gene	score_expr_local_total	score_expr_local_ratio	score_expr_local	score_agretopicity	score_affinity	score_affinity_percentile	score_agretopicity_scaled	score_expr_gene_scaled	score_expr_local_scaled	score_affinity_percentile_scaled	score
Somatic	missense_variant	chr14	64282651	ESR2	ENSG00000140009	ENST00000341099	Q92731-1	1.25		RLLEHTLPV	PQKSPWCEARLLEHTLPVNRETLKRKV	SPWCEARLLEHTLPV	2.0	HLA-A*02:01	0.2724514737447643	11.580249467814332	0.012125	CASSNGQPNTEAFF	0.6177175	0.9078	3	6	HLSPLVVHRQLSHLYAEPQKSPWCEAR(S)LEHTLPVNRETLKRKVSGNRCASPVTG	HLSPLVVHRQLSHLYAEPQKSPWCEAR(L)LEHTLPVNRETLKRKVSGNRCASPVTG													G	A	0.017979731938542007		0.017979731938542007	6	0.5	1.5	-0.2724514737447643	-11.580249467814332	-0.012125	0.0	0.10546500479386385	1.0	1.0000000000000002	6.000000000000001
Somatic	missense_variant	chr14	64282651	ESR2	ENSG00000140009	ENST00000341099	Q92731-1	1.25		SPWCEARLL	SHLYAEPQKSPWCEARLLEHTLPVNRE	SPWCEARLLEHTLPV	1.2	HLA-B*07:02		61.44123917303212	0.174375	CASSNGQPNTEAFF	0.5259141	0.9078	3	6	HLSPLVVHRQLSHLYAEPQKSPWCEAR(S)LEHTLPVNRETLKRKVSGNRCASPVTG	HLSPLVVHRQLSHLYAEPQKSPWCEAR(L)LEHTLPVNRETLKRKVSGNRCASPVTG													G	A	0.017979731938542007		0.017979731938542007	6	0.5	1.5		-61.44123917303212	-0.174375		0.10546500479386385	1.0	0.9258920924921498	5.703568369968599
Somatic	missense_variant	chr19	37186831	ZNF585B	ENSG00000245680	ENST00000532828	Q52M93	1.96		SDLSIHEKIY	CGKGFPYNSDLSIHEKIYTGERHHECT	SDLSIHEKIY	2.0	HLA-B*44:03	0.020900046669619	424.4878399668263	0.7436249999999992	CASSNGQPNTEAFF	0.4271257	0.9078	5	10	TGEKLYECSECGKGFPYNSDLSIHEKI(H)TGERHHECTDCGKAFTQKSTLKIHQKI	TGEKLYECSECGKGFPYNSDLSIHEKI(Y)TGERHHECTDCGKAFTQKSTLKIHQKI													G	A	0.02958483164432821		0.02958483164432821	10	0.5	2.5	-0.020900046669619	-424.4878399668263	-0.7436249999999992	0.933375552122263	0.1735378715244487	1.0	0.6658863831002004	5.596921084523064
Somatic	missense_variant	chrX	54333184	WNK3	ENSG00000196632	ENST00000354646	Q9BYP7-1	0.83		GAFKTVYKR	LKFDIELGRGAFKTVYKRLDTETWVEV	GAFKTVYKR	2.0	HLA-A*03:01	0.0097687935066302	282.516411597555	0.7761249999999997	CASSNGQPNTEAFF	0.5132675	0.9078	2	2	AVATSPSGRFLKFDIELGRGAFKTVYK(G)LDTETWVEVAWCELQDRKLTKAEQQRF	AVATSPSGRFLKFDIELGRGAFKTVYK(R)LDTETWVEVAWCELQDRKLTKAEQQRF													C	T	0.011114743380189605		0.011114743380189605	2	1.0	2.0	-0.0097687935066302	-282.516411597555	-0.7761249999999997	0.9746778006828076	0.0651965484180249	1.0	0.6510419640308311	5.578845656806132
Somatic	missense_variant	chr1	93877312	DNTTIP2	ENSG00000067334	ENST00000436063	Q5QJE6	4.38		ATRRTRSMQK	SDISFSGIATRRTRSMQKKLKAQTEKK	ATRRTRSMQKKLK	2.0	HLA-A*03:01	0.0442541668326942	149.86459817592402	0.54475	CASSNGQPNTEAFF	0.26173133	0.9078	4	14	EAISDAETSSSDISFSGIATRRTRSMQ(R)KLKAQTEKKDSKIVPGNEKQIVGTPVN	EAISDAETSSSDISFSGIATRRTRSMQ(K)KLKAQTEKKDSKIVPGNEKQIVGTPVN													C	T	0.06914024190912063		0.06914024190912063	14	0.2857142857142857	1.1428571428571428	-0.0442541668326942	-149.86459817592402	-0.54475	0.8467206479740617	0.4055608820709492	0.7611391823610474	0.7567228090208395	5.395890248779515
Somatic	missense_variant	chr14	64282651	ESR2	ENSG00000140009	ENST00000341099	Q92731-1	1.25		CEARLLEHTL	AEPQKSPWCEARLLEHTLPVNRETLKR	SPWCEARLLEHTLPV	1.2	HLA-B*44:03		180.53709680924663	0.4978749999999997	CASSNGQPNTEAFF	0.32859862	0.9078	3	6	HLSPLVVHRQLSHLYAEPQKSPWCEAR(S)LEHTLPVNRETLKRKVSGNRCASPVTG	HLSPLVVHRQLSHLYAEPQKSPWCEAR(L)LEHTLPVNRETLKRKVSGNRCASPVTG													G	A	0.017979731938542007		0.017979731938542007	6	0.5	1.5		-180.53709680924663	-0.4978749999999997		0.10546500479386385	1.0	0.7781330288324297	5.112532115329719
Somatic	missense_variant	chr16	24943776	ARHGAP17	ENSG00000140750	ENST00000289968		5.2		FLEEVEFNV	PIIQHADWFFLEEVEFNVSEAFVPLTT	IQHADWFFLEEVEFNV	2.0	HLA-A*02:01	0.0029442785935948	16.72223433054955	0.062875	CASSNGQPNTEAFF	0.3659529	0.9078	1	7	LAEMAAATSVHVVAVIEPIIQHADWFF(P)EEVEFNVSEAFVPLTTPSSNHSFHTGN	LAEMAAATSVHVVAVIEPIIQHADWFF(L)EEVEFNVSEAFVPLTTPSSNHSFHTGN													G	A	0.08254331480876104		0.08254331480876104	7	0.14285714285714285	0.14285714285714285	-0.0029442785935948	-16.72223433054955	-0.062875	1.0	0.48418024928092046	0.09232889297197981	0.9768198686839854	5.091937260679901
Somatic	missense_variant	chr11	104037922	DDI1	ENSG00000170967	ENST00000302259	Q8WTU0	0.15		FLPEGELRL	IGTTGTQTYFLPEGELRLCSRMVSGQD	TYFLPEGELRLCSRM	1.2	HLA-A*02:01		26.16634322846564	0.15975	CASSNGQPNTEAFF	0.32705855	0.9078	1	1	CSIDLKKNVLVIGTTGTQTYFLPEGEL(P)LCSRMVSGQDESSDKEITHSVMDSGRK	CSIDLKKNVLVIGTTGTQTYFLPEGEL(R)LCSRMVSGQDESSDKEITHSVMDSGRK													C	G	0.0		0.0	1	1.0	1.0		-26.16634322846564	-0.15975		0.0	0.6655948553054662	0.9325720810733659	5.061478034904396
Somatic	missense_variant	chr19	44909207	APOE	ENSG00000130203	ENST00000252486	P02649	61.33		GLVEKVQAVV	EDMQRQWAGLVEKVQAVVGTSAAPVPS	GLVEKVQAVV	1.2	HLA-A*02:01		81.57434252086148	0.5266249999999995	CASSNGQPNTEAFF	0.42314783		45	137	ARLKSWFEPLVEDMQRQWAGLVEKVQA(A)VGTSAAPVPSDNH	ARLKSWFEPLVEDMQRQWAGLVEKVQA(V)VGTSAAPVPSDNH													C	T	1.0		1.0	137	0.3284671532846715	14.781021897810218		-81.57434252086148	-0.5266249999999995		1.0	1.0	0.7650014273479879	5.060005709391952
Somatic	missense_variant	chr7	140753336	BRAF	ENSG00000157764	ENST00000646891	P15056	7.78		KIGDFGLATEK	FLHEDLTVKIGDFGLATEKSRWSGSHQ	KIGDFGLATEK	1.2	HLA-A*03:01		50.650180859927694	0.16575	CASSNGQPNTEAFF	0.8046296	0.9078	2	4	IHRDLKSNNIFLHEDLTVKIGDFGLAT(V)KSRWSGSHQFEQLSGSILWMAPEVIRM	IHRDLKSNNIFLHEDLTVKIGDFGLAT(E)KSRWSGSHQFEQLSGSILWMAPEVIRM													A	T	0.12471395881006865		0.12471395881006865	4	0.5	1.0		-50.650180859927694	-0.16575		0.7315436241610738	0.6655948553054662	0.9298315729374824	5.050516002360862
Somatic	missense_variant	chr11	78109479	ALG8	ENSG00000159063	ENST00000299626	Q9BVK2-1	2.92		TLLATLICTL	QHTVLPSVTLLATLICTLIAILPSIFC	HTVLPSVTLLATLICTLI	2.0	HLA-A*02:01	0.0033345597302732	52.20141736966959	0.3689999999999997	CASSNGQPNTEAFF	0.33062622	0.9078	2	8	DPNNIPKASMTSGLVQQFQHTVLPSVT(P)LATLICTLIAILPSIFCLWFKPQGPRG	DPNNIPKASMTSGLVQQFQHTVLPSVT(L)LATLICTLIAILPSIFCLWFKPQGPRG													G	A	0.04527623406341942		0.04527623406341942	8	0.25	0.5	-0.0033345597302732	-52.20141736966959	-0.3689999999999997	0.9985518711793224	0.26558005752636626	0.3311897106109325	0.836996859834428	5.008918731738899
Somatic	missense_variant	chr14	64282651	ESR2	ENSG00000140009	ENST00000341099	Q92731-1	1.25		EARLLEHTL	AEPQKSPWCEARLLEHTLPVNRETLKR	SPWCEARLLEHTLPV	1.2	HLA-B*07:02		194.43574605375483	0.5707499999999998	CASSNGQPNTEAFF	0.4823873	0.9078	3	6	HLSPLVVHRQLSHLYAEPQKSPWCEAR(S)LEHTLPVNRETLKRKVSGNRCASPVTG	HLSPLVVHRQLSHLYAEPQKSPWCEAR(L)LEHTLPVNRETLKRKVSGNRCASPVTG													G	A	0.017979731938542007		0.017979731938542007	6	0.5	1.5		-194.43574605375483	-0.5707499999999998		0.10546500479386385	1.0	0.7448472737653444	4.979389095061378
Somatic	missense_variant	chr4	150868269	LRBA	ENSG00000198589	ENST00000651943	A0A494C1L5	5.23		NFPQCPESM	LKVIATLLRNFPQCPESMEVRRAFLSD	LRNFPQCPESMEV	2.0	HLA-C*04:01	0.1925113550280648	45.32675140606904	0.0485	CASSNGQPNTEAFF	0.6514675	0.9078	3	18	KQHPDPDSSVKIQNPQILKVIATLLRN(S)PQCPESMEVRRAFLSDMIKLFNNSREN	KQHPDPDSSVKIQNPQILKVIATLLRN(F)PQCPESMEVRRAFLSDMIKLFNNSREN													G	A	0.08303367113435765		0.08303367113435765	18	0.16666666666666666	0.5	-0.1925113550280648	-45.32675140606904	-0.0485	0.29661589803515354	0.4870565675934805	0.3311897106109325	0.9833856694262063	4.892537996961844
Somatic	missense_variant	chr19	37186831	ZNF585B	ENSG00000245680	ENST00000532828	Q52M93	1.96		KIYTGERHH	YNSDLSIHEKIYTGERHHECTDCGKAF	KIYTGERHH	1.1	HLA-A*03:01		192.4030046969208	0.6328749999999997	CASSNGQPNTEAFF	0.6734067	0.9078	5	10	TGEKLYECSECGKGFPYNSDLSIHEKI(H)TGERHHECTDCGKAFTQKSTLKIHQKI	TGEKLYECSECGKGFPYNSDLSIHEKI(Y)TGERHHECTDCGKAFTQKSTLKIHQKI													G	A	0.02958483164432821		0.02958483164432821	10	0.5	2.5		-192.4030046969208	-0.6328749999999997		0.1735378715244487	1.0	0.7164715957750503	4.865886383100201
Somatic	missense_variant	chrX	54333184	WNK3	ENSG00000196632	ENST00000354646	Q9BYP7-1	0.83		RLDTETWVEV	GAFKTVYKRLDTETWVEVAWCELQDRK	KRLDTETWVEV	1.1	HLA-A*02:01		110.44961137803432	0.6454999999999995	CASSNGQPNTEAFF	0.4793132	0.9078	2	2	AVATSPSGRFLKFDIELGRGAFKTVYK(G)LDTETWVEVAWCELQDRKLTKAEQQRF	AVATSPSGRFLKFDIELGRGAFKTVYK(R)LDTETWVEVAWCELQDRKLTKAEQQRF													C	T	0.011114743380189605		0.011114743380189605	2	1.0	2.0		-110.44961137803432	-0.6454999999999995		0.0651965484180249	1.0	0.7107051099057955	4.842820439623182
Somatic	missense_variant	chr1	10320121	KIF1B	ENSG00000054523	ENST00000676179	O60333-1	3.69		EEKEEEEVPW	SLAAETTEEEKEEEEVPWTQHEFELAQ	EEEKEEEEVPW	1.1	HLA-B*44:03		52.67806390486496	0.10025	CASSNGQPNTEAFF	0.34969926	0.9078	3	12	LDYESKLQALQKQVETRSLAAETTEEE(E)EEEEVPWTQHEFELAQWAFRKWKSHQF	LDYESKLQALQKQVETRSLAAETTEEE(K)EEEEVPWTQHEFELAQWAFRKWKSHQF													G	A	0.05786204642039883		0.05786204642039883	12	0.25	0.75		-52.67806390486496	-0.10025		0.33940556088207097	0.4983922829581994	0.9597487867542108	4.835779712933242
Somatic	missense_variant	chr14	64282651	ESR2	ENSG00000140009	ENST00000341099	Q92731-1	1.25		ARLLEHTL	EPQKSPWCEARLLEHTLPVNRETLKRK	SPWCEARLLEHTLPV	1.1	HLA-C*07:02		124.09275060688724	0.7198749999999999	CASSNGQPNTEAFF	0.5075868	0.9078	3	6	HLSPLVVHRQLSHLYAEPQKSPWCEAR(S)LEHTLPVNRETLKRKVSGNRCASPVTG	HLSPLVVHRQLSHLYAEPQKSPWCEAR(L)LEHTLPVNRETLKRKVSGNRCASPVTG													G	A	0.017979731938542007		0.017979731938542007	6	0.5	1.5		-124.09275060688724	-0.7198749999999999		0.10546500479386385	1.0	0.676734227804739	4.706936911218956
Somatic	missense_variant	chr11	104037922	DDI1	ENSG00000170967	ENST00000302259	Q8WTU0	0.15		GELRLCSRM	GTQTYFLPEGELRLCSRMVSGQDESSD	TYFLPEGELRLCSRM	1.2	HLA-B*44:03		138.80545117938442	0.4177499999999998	CASSNGQPNTEAFF	0.6557162	0.9078	1	1	CSIDLKKNVLVIGTTGTQTYFLPEGEL(P)LCSRMVSGQDESSDKEITHSVMDSGRK	CSIDLKKNVLVIGTTGTQTYFLPEGEL(R)LCSRMVSGQDESSDKEITHSVMDSGRK													C	G	0.0		0.0	1	1.0	1.0		-138.80545117938442	-0.4177499999999998		0.0	0.6655948553054662	0.8147302312303744	4.5901106355324295
Somatic	missense_variant	chr1	93877312	DNTTIP2	ENSG00000067334	ENST00000436063	Q5QJE6	4.38		RTRSMQKKLK	SFSGIATRRTRSMQKKLKAQTEKKDSK	ATRRTRSMQKKLK	1.2	HLA-A*03:01		144.54964444866067	0.53325	CASSNGQPNTEAFF	0.30771828	0.9078	4	14	EAISDAETSSSDISFSGIATRRTRSMQ(R)KLKAQTEKKDSKIVPGNEKQIVGTPVN	EAISDAETSSSDISFSGIATRRTRSMQ(K)KLKAQTEKKDSKIVPGNEKQIVGTPVN													C	T	0.06914024190912063		0.06914024190912063	14	0.2857142857142857	1.1428571428571428		-144.54964444866067	-0.53325		0.4055608820709492	0.7611391823610474	0.7619754496146163	4.570180163180559
Somatic	missense_variant	chr11	78109479	ALG8	ENSG00000159063	ENST00000299626	Q9BVK2-1	2.92		LLATLICTL	QHTVLPSVTLLATLICTLIAILPSIFC	HTVLPSVTLLATLICTLI	1.1	HLA-A*02:01		21.166718695772264	0.110375	CASSNGQPNTEAFF	0.35184997	0.9078	2	8	DPNNIPKASMTSGLVQQFQHTVLPSVT(P)LATLICTLIAILPSIFCLWFKPQGPRG	DPNNIPKASMTSGLVQQFQHTVLPSVT(L)LATLICTLIAILPSIFCLWFKPQGPRG													G	A	0.04527623406341942		0.04527623406341942	8	0.25	0.5		-21.166718695772264	-0.110375		0.26558005752636626	0.3311897106109325	0.9551241792749074	4.482876138321495
Somatic	missense_variant	chr1	10320121	KIF1B	ENSG00000054523	ENST00000676179	O60333-1	3.69		EEEKEEEEVPW	RSLAAETTEEEKEEEEVPWTQHEFELA	EEEKEEEEVPW	1.2	HLA-B*44:03		95.24928597648676	0.2958749999999999	CASSNGQPNTEAFF	0.26888162	0.9078	3	12	LDYESKLQALQKQVETRSLAAETTEEE(E)EEEEVPWTQHEFELAQWAFRKWKSHQF	LDYESKLQALQKQVETRSLAAETTEEE(K)EEEEVPWTQHEFELAQWAFRKWKSHQF													G	A	0.05786204642039883		0.05786204642039883	12	0.25	0.75		-95.24928597648676	-0.2958749999999999		0.33940556088207097	0.4983922829581994	0.8703968027405085	4.478371776878433
Somatic	missense_variant	chr11	78109479	ALG8	ENSG00000159063	ENST00000299626	Q9BVK2-1	2.92		LPSVTLLATL	VQQFQHTVLPSVTLLATLICTLIAILP	HTVLPSVTLLATLICTLI	1.2	HLA-B*07:02		59.00221039560063	0.16	CASSNGQPNTEAFF	0.330868	0.9078	2	8	DPNNIPKASMTSGLVQQFQHTVLPSVT(P)LATLICTLIAILPSIFCLWFKPQGPRG	DPNNIPKASMTSGLVQQFQHTVLPSVT(L)LATLICTLIAILPSIFCLWFKPQGPRG													G	A	0.04527623406341942		0.04527623406341942	8	0.25	0.5		-59.00221039560063	-0.16		0.26558005752636626	0.3311897106109325	0.9324578932343708	4.392210994159348
Somatic	missense_variant	chr13	40560044	FOXO1	ENSG00000150907	ENST00000379561	Q12778	1.16		IMTPVDPWV	TSDSPPHNDIMTPVDPWVAQPNSRVLG	IMTPVDPWVA	1.2	HLA-A*02:01		15.688079685009786	0.0505	CASSNGQPNTEAFF	0.51440966	0.9078	1	3	NCAPGLLKELLTSDSPPHNDIMTPVDP(G)VAQPNSRVLGQNVMMGPNSVMSTYGSQ	NCAPGLLKELLTSDSPPHNDIMTPVDP(W)VAQPNSRVLGQNVMMGPNSVMSTYGSQ													C	A	0.016508662961752206		0.016508662961752206	3	0.3333333333333333	0.3333333333333333		-15.688079685009786	-0.0505		0.09683604985618408	0.2197213290460879	0.9824721667142451	4.369331324949156
Somatic	missense_variant	chr19	44909207	APOE	ENSG00000130203	ENST00000252486	P02649	61.33		AVVGTSAAPV	QRQWAGLVEKVQAVVGTSAAPVPSDNH	AVVGTSAAPV	2.0	HLA-A*02:01	0.1637829688923754	339.37345827157503	1.1416249999999992	CASSNGQPNTEAFF	0.4684304		45	137	ARLKSWFEPLVEDMQRQWAGLVEKVQA(A)VGTSAAPVPSDNH	ARLKSWFEPLVEDMQRQWAGLVEKVQA(V)VGTSAAPVPSDNH													C	T	1.0		1.0	137	0.3284671532846715	14.781021897810218	-0.1637829688923754	-339.37345827157503	-1.1416249999999992	0.4032118875024304	1.0	1.0	0.48409934341992644	4.339609261182137
Somatic	missense_variant	chr10	68493558	SLC25A16	ENSG00000122912	ENST00000609923	P16260	1.85		SMAGMTAAI	GHVHRLMAGSMAGMTAAICTYPLDMVR	SMAGMTAAI	1.2	HLA-A*02:01		18.1073133986949	0.077625	CASSNGQPNTEAFF	0.6077161	0.9078	1	4	KTLITTKLGISGHVHRLMAGSMAGMTA(V)ICTYPLDMVRVRLAFQVKGEHSYTGII	KTLITTKLGISGHVHRLMAGSMAGMTA(A)ICTYPLDMVRVRLAFQVKGEHSYTGII													A	G	0.027786858450474013		0.027786858450474013	4	0.25	0.25		-18.1073133986949	-0.077625		0.1629913710450623	0.16398713826366562	0.9700827861832717	4.208305421260418
Somatic	missense_variant	chr9	21971097	CDKN2A	ENSG00000147889	ENST00000304494	P42771-1	8.54		ARKGFLDTL	TLTRPVHDAARKGFLDTLVVLHRAGAR	LTRPVHDAARKGFLDTL	1.1	HLA-C*07:02		47.71491146966783	0.077625	CASSNGQPNTEAFF	0.65111893	0.9078	1	4	ELLLLHGAEPNCADPATLTRPVHDAAR(E)GFLDTLVVLHRAGARLDVRDAWGRLPV	ELLLLHGAEPNCADPATLTRPVHDAAR(K)GFLDTLVVLHRAGARLDVRDAWGRLPV													C	T	0.13713631905851584		0.13713631905851584	4	0.25	0.25		-47.71491146966783	-0.077625		0.8044103547459251	0.16398713826366562	0.9700827861832717	4.208305421260418
Somatic	missense_variant	chr9	21971097	CDKN2A	ENSG00000147889	ENST00000304494	P42771-1	8.54		LTRPVHDAARK	PNCADPATLTRPVHDAARKGFLDTLVV	LTRPVHDAARKGFLDTL	2.0	HLA-A*03:01	0.0072817357552107	194.92278097804004	0.6378749999999997	CASSNGQPNTEAFF	0.3615045	0.9078	1	4	ELLLLHGAEPNCADPATLTRPVHDAAR(E)GFLDTLVVLHRAGARLDVRDAWGRLPV	ELLLLHGAEPNCADPATLTRPVHDAAR(K)GFLDTLVVLHRAGARLDVRDAWGRLPV													C	T	0.13713631905851584		0.13713631905851584	4	0.25	0.25	-0.0072817357552107	-194.92278097804004	-0.6378749999999997	0.9839059689698342	0.8044103547459251	0.16398713826366562	0.7141878389951474	4.168631601477755
Somatic	missense_variant	chr2	47463049	MSH2	ENSG00000095002	ENST00000233146	P43246-1	1.44		HEFFVKPSF	TLDMDQVENHEFFVKPSFDPNLSELRE	DQVENHEFFVKPSF	1.2	HLA-B*44:03		40.33962674145055	0.012625	CASSNGQPNTEAFF	0.6066233	0.9078	1	9	DLRSDFSKFQEMIETTLDMDQVENHEF(L)VKPSFDPNLSELREIMNDLEKKMQSTL	DLRSDFSKFQEMIETTLDMDQVENHEF(F)VKPSFDPNLSELREIMNDLEKKMQSTL													C	T	0.021085322000653807		0.021085322000653807	9	0.1111111111111111	0.1111111111111111		-40.33962674145055	-0.012625		0.12368168744007668	0.07109682029296177	0.9997716243220099	4.141280137873963
Somatic	missense_variant	chr11	78109479	ALG8	ENSG00000159063	ENST00000299626	Q9BVK2-1	2.92		VLPSVTLLA	GLVQQFQHTVLPSVTLLATLICTLIAI	HTVLPSVTLLATLICTLI	1.2	HLA-A*02:01		44.38619805190476	0.3171249999999997	CASSNGQPNTEAFF	0.5162882	0.9078	2	8	DPNNIPKASMTSGLVQQFQHTVLPSVT(P)LATLICTLIAILPSIFCLWFKPQGPRG	DPNNIPKASMTSGLVQQFQHTVLPSVT(L)LATLICTLIAILPSIFCLWFKPQGPRG													G	A	0.04527623406341942		0.04527623406341942	8	0.25	0.5		-44.38619805190476	-0.3171249999999997		0.26558005752636626	0.3311897106109325	0.8606908364259209	4.105142766925549
Somatic	missense_variant	chr2	1903254	MYT1L	ENSG00000186487	ENST00000647738	Q9UL68-1	0.73		LEIPQYSY	LRPMCFVKQLEIPQYSYRNNVPTTTPR	KQLEIPQYSY	1.2	HLA-B*44:03		103.51433098700744	0.3247499999999999	CASSNGQPNTEAFF	0.6880824	0.9078	1	2	DVSKSSQASDRVLRPMCFVKQLEIPQY(G)YRNNVPTTTPRSNLAKELEKYSKTSFE	DVSKSSQASDRVLRPMCFVKQLEIPQY(S)YRNNVPTTTPRSNLAKELEKYSKTSFE													C	T	0.009480222294867604		0.009480222294867604	2	0.5	0.5		-103.51433098700744	-0.3247499999999999		0.05560882070949185	0.3311897106109325	0.8572081073365689	4.091211850568141
Somatic	missense_variant	chrX	54333184	WNK3	ENSG00000196632	ENST00000354646	Q9BYP7-1	0.83		KRLDTETWV	GRGAFKTVYKRLDTETWVEVAWCELQD	KRLDTETWVEV	2.0	HLA-C*07:02	0.0160866504761187	285.4852766547712	1.5815000000000006	CASSNGQPNTEAFF	0.43614882	0.9078	2	2	AVATSPSGRFLKFDIELGRGAFKTVYK(G)LDTETWVEVAWCELQDRKLTKAEQQRF	AVATSPSGRFLKFDIELGRGAFKTVYK(R)LDTETWVEVAWCELQDRKLTKAEQQRF													C	T	0.011114743380189605		0.011114743380189605	2	1.0	2.0	-0.0160866504761187	-285.4852766547712	-1.5815000000000006	0.9512355435440148	0.0651965484180249	1.0	0.2831858407079647	4.083978906375874
Somatic	missense_variant	chr3	184327867	EIF4G1	ENSG00000114867	ENST00000346169	Q04637-1	10.58		QELASPFLLF	MKEAVQCVQELASPFLLFIFVRHGVES	QELASPFLLFI	1.2	HLA-B*44:03		51.79641569133441	0.093	CASSNGQPNTEAFF	0.46644336	0.9078	1	6	SKAIIEEYLHLNDMKEAVQCVQELASP(S)LLFIFVRHGVESTLERSAIAREHMGQL	SKAIIEEYLHLNDMKEAVQCVQELASP(F)LLFIFVRHGVESTLERSAIAREHMGQL													C	T	0.17048054919908467		0.17048054919908467	6	0.16666666666666666	0.16666666666666666		-51.79641569133441	-0.093		1.0	0.1082529474812433	0.9630602340850701	4.068746831302767
Somatic	missense_variant	chr1	94897924	CNN3	ENSG00000117519	ENST00000370206	Q15417-1	13.32		VYDSKYCAA	MSVYGLGRQVYDSKYCAAPTEPVIHNG	GRQVYDSKYCAA	1.2	HLA-C*04:01		92.75003203537617	0.193875	CASSNGQPNTEAFF	0.42151564	0.9078	3	38	ISLQMGTNKVASQKGMSVYGLGRQVYD(P)KYCAAPTEPVIHNGSQGTGTNGSEISD	ISLQMGTNKVASQKGMSVYGLGRQVYD(S)KYCAAPTEPVIHNGSQGTGTNGSEISD													G	A	0.21526642693690748		0.21526642693690748	38	0.07894736842105263	0.23684210526315788		-92.75003203537617	-0.193875		1.0	0.15518700287696732	0.9169854410505284	3.978315769956048
Somatic	missense_variant	chr9	14801811	FREM1	ENSG00000164946	ENST00000380880	Q5H8C1-1	4.06		SQDALLFSI	IISAVDLDISQDALLFSITQKPRHGLL	DLDISQDALLFSI	1.1	HLA-A*02:01		40.78612335205393	0.2879999999999998	CASSNGQPNTEAFF	0.49715585	0.9078	1	3	VVQNITVCEGQMKELDSSIISAVDLDI(P)QDALLFSITQKPRHGLLIDRGFSKDFS	VVQNITVCEGQMKELDSSIISAVDLDI(S)QDALLFSITQKPRHGLLIDRGFSKDFS													G	A	0.06390977443609022		0.06390977443609022	3	0.3333333333333333	0.3333333333333333		-40.78612335205393	-0.2879999999999998		0.37488015340364333	0.2197213290460879	0.8739937196688556	3.9354175367675985
Somatic	missense_variant	chr9	14801811	FREM1	ENSG00000164946	ENST00000380880	Q5H8C1-1	4.06		DLDISQDAL	LDSSIISAVDLDISQDALLFSITQKPR	DLDISQDALLFSI	1.2	HLA-C*04:01		135.85017740125218	0.2958749999999999	CASSNGQPNTEAFF	0.4623701	0.9078	1	3	VVQNITVCEGQMKELDSSIISAVDLDI(P)QDALLFSITQKPRHGLLIDRGFSKDFS	VVQNITVCEGQMKELDSSIISAVDLDI(S)QDALLFSITQKPRHGLLIDRGFSKDFS													G	A	0.06390977443609022		0.06390977443609022	3	0.3333333333333333	0.3333333333333333		-135.85017740125218	-0.2958749999999999		0.37488015340364333	0.2197213290460879	0.8703968027405085	3.92102986905421
Somatic	missense_variant	chr4	150868269	LRBA	ENSG00000198589	ENST00000651943	A0A494C1L5	5.23		FPQCPESM	KVIATLLRNFPQCPESMEVRRAFLSDM	LRNFPQCPESMEV	1.1	HLA-B*07:02		126.56431440602354	0.4237499999999998	CASSNGQPNTEAFF	0.5722429	0.9078	3	18	KQHPDPDSSVKIQNPQILKVIATLLRN(S)PQCPESMEVRRAFLSDMIKLFNNSREN	KQHPDPDSSVKIQNPQILKVIATLLRN(F)PQCPESMEVRRAFLSDMIKLFNNSREN													G	A	0.08303367113435765		0.08303367113435765	18	0.16666666666666666	0.5		-126.56431440602354	-0.4237499999999998		0.4870565675934805	0.3311897106109325	0.8119897230944908	3.910338313599828
Somatic	missense_variant	chr3	184327867	EIF4G1	ENSG00000114867	ENST00000346169	Q04637-1	10.58		QELASPFLL	DMKEAVQCVQELASPFLLFIFVRHGVE	QELASPFLLFI	1.2	HLA-B*44:03		72.74403790019258	0.201625	CASSNGQPNTEAFF	0.4675334	0.9078	1	6	SKAIIEEYLHLNDMKEAVQCVQELASP(S)LLFIFVRHGVESTLERSAIAREHMGQL	SKAIIEEYLHLNDMKEAVQCVQELASP(F)LLFIFVRHGVESTLERSAIAREHMGQL													C	T	0.17048054919908467		0.17048054919908467	6	0.16666666666666666	0.16666666666666666		-72.74403790019258	-0.201625		1.0	0.1082529474812433	0.9134456180416788	3.8702883671292017
Somatic	missense_variant	chr7	67067307	TYW1	ENSG00000198874	ENST00000359626	Q9NV66-1	3.43		MLRGRGACYK	KLCRWTKSMLRGRGACYKHTFYGIESH	SMLRGRGACYKHTF	1.2	HLA-A*03:01		49.67301883359082	0.15725	CASSNGQPNTEAFF	0.21732196		1	11	KQGYQLIGSHSGVKLCRWTKSMLRGRG(G)CYKHTFYGIESHRCMETTPSLACANKC	KQGYQLIGSHSGVKLCRWTKSMLRGRG(A)CYKHTFYGIESHRCMETTPSLACANKC													G	C	0.05361229159856163		0.05361229159856163	11	0.09090909090909091	0.09090909090909091		-49.67301883359082	-0.15725		0.314477468839885	0.05758550131540489	0.9337139594633174	3.8500268404840794
Somatic	missense_variant	chr1	94897924	CNN3	ENSG00000117519	ENST00000370206	Q15417-1	13.32		GRQVYDSKY	QKGMSVYGLGRQVYDSKYCAAPTEPVI	GRQVYDSKYCAA	1.2	HLA-C*07:02		70.80737636769065	0.2769999999999999	CASSNGQPNTEAFF	0.5954222	0.9078	3	38	ISLQMGTNKVASQKGMSVYGLGRQVYD(P)KYCAAPTEPVIHNGSQGTGTNGSEISD	ISLQMGTNKVASQKGMSVYGLGRQVYD(S)KYCAAPTEPVIHNGSQGTGTNGSEISD													G	A	0.21526642693690748		0.21526642693690748	38	0.07894736842105263	0.23684210526315788		-70.80737636769065	-0.2769999999999999		1.0	0.15518700287696732	0.879017984584642	3.8264459440925025
Somatic	missense_variant	chr11	78109479	ALG8	ENSG00000159063	ENST00000299626	Q9BVK2-1	2.92		LLATLICTLI	HTVLPSVTLLATLICTLIAILPSIFCL	HTVLPSVTLLATLICTLI	1.1	HLA-A*02:01		71.52318294215675	0.4768749999999997	CASSNGQPNTEAFF	0.30629605	0.9078	2	8	DPNNIPKASMTSGLVQQFQHTVLPSVT(P)LATLICTLIAILPSIFCLWFKPQGPRG	DPNNIPKASMTSGLVQQFQHTVLPSVT(L)LATLICTLIAILPSIFCLWFKPQGPRG													G	A	0.04527623406341942		0.04527623406341942	8	0.25	0.5		-71.52318294215675	-0.4768749999999997		0.26558005752636626	0.3311897106109325	0.7877248073080221	3.8132786504539533
Somatic	missense_variant	chr10	72213276	ASCC1	ENSG00000138303	ENST00000672957	Q8N9N2-2	2.99		RPQPIRIDG	MEVLRPQPIRIDGRNYRKNPVQEQTYQ	MEVLRPQPIRIDG	1.2	HLA-B*07:02		186.7850736036875	0.5564999999999997	CASSNGQPNTEAFF	0.60427916	0.9078	3	15	MEVLRPQ(L)IRIDGRNYRKNPVQEQTYQHEEDEEDF	MEVLRPQ(P)IRIDGRNYRKNPVQEQTYQHEEDEEDF													A	G	0.046420398823144825		0.046420398823144825	15	0.2	0.6000000000000001		-186.7850736036875	-0.5564999999999997		0.2722914669223394	0.39807073954983935	0.7513559805880679	3.80156540145195
Somatic	missense_variant	chr12	101312218	UTP20	ENSG00000120800	ENST00000261637	O75691	2.13		ALTKFSERV	TNFRFLLWRALTKFSERVEPRSRELSP	RALTKFSERVEPRSREL	1.2	HLA-A*02:01		31.240307493550624	0.2039999999999999	CASSNGQPNTEAFF	0.5583806		1	12	LALKTDCQERLDHTNFRFLLWRALTKF(P)ERVEPRSRELSPLFLRFINNEYYPADL	LALKTDCQERLDHTNFRFLLWRALTKF(S)ERVEPRSRELSPLFLRFINNEYYPADL													C	T	0.03236351748937562		0.03236351748937562	12	0.08333333333333333	0.08333333333333333		-31.240307493550624	-0.2039999999999999		0.18983700862895495	0.05251875669882101	0.9123608335712249	3.7544808476825415
Somatic	missense_variant	chr10	72213276	ASCC1	ENSG00000138303	ENST00000672957	Q8N9N2-2	2.99		MEVLRPQPI	MEVLRPQPIRIDGRNYRKNPVQEQTYQ	MEVLRPQPIRIDG	1.2	HLA-B*44:03		240.55348103090995	0.5849999999999993	CASSNGQPNTEAFF	0.5784966	0.9078	3	15	MEVLRPQ(L)IRIDGRNYRKNPVQEQTYQHEEDEEDF	MEVLRPQ(P)IRIDGRNYRKNPVQEQTYQHEEDEEDF													A	G	0.046420398823144825		0.046420398823144825	15	0.2	0.6000000000000001		-240.55348103090995	-0.5849999999999993		0.2722914669223394	0.39807073954983935	0.7383385669426212	3.7494957468701635
Somatic	missense_variant	chr16	24943776	ARHGAP17	ENSG00000140750	ENST00000289968		5.2		IQHADWFFL	HVVAVIEPIIQHADWFFLEEVEFNVSE	IQHADWFFLEEVEFNV	2.0	HLA-A*02:01	0.0087654354874809	157.70827464978157	0.7899999999999991	CASSNGQPNTEAFF	0.6050494	0.9078	1	7	LAEMAAATSVHVVAVIEPIIQHADWFF(P)EEVEFNVSEAFVPLTTPSSNHSFHTGN	LAEMAAATSVHVVAVIEPIIQHADWFF(L)EEVEFNVSEAFVPLTTPSSNHSFHTGN													G	A	0.08254331480876104		0.08254331480876104	7	0.14285714285714285	0.14285714285714285	-0.0087654354874809	-157.70827464978157	-0.7899999999999991	0.9784007366088281	0.48418024928092046	0.09232889297197981	0.6447045389666007	3.7418766784191906
Somatic	missense_variant	chr1	10320121	KIF1B	ENSG00000054523	ENST00000676179	O60333-1	3.69		KEEEEVPW	LAAETTEEEKEEEEVPWTQHEFELAQW	EEEKEEEEVPW	1.1	HLA-B*44:03		366.82643931919785	0.7066249999999992	CASSETGKTPGNTTYF	0.5677874	0.9078	3	12	LDYESKLQALQKQVETRSLAAETTEEE(E)EEEEVPWTQHEFELAQWAFRKWKSHQF	LDYESKLQALQKQVETRSLAAETTEEE(K)EEEEVPWTQHEFELAQWAFRKWKSHQF													G	A	0.05786204642039883		0.05786204642039883	12	0.25	0.75		-366.82643931919785	-0.7066249999999992		0.33940556088207097	0.4983922829581994	0.6827861832714822	3.7279292990023274
Somatic	missense_variant	chr7	67067307	TYW1	ENSG00000198874	ENST00000359626	Q9NV66-1	3.43		SMLRGRGACYK	VKLCRWTKSMLRGRGACYKHTFYGIES	SMLRGRGACYKHTF	1.2	HLA-A*03:01		64.62404370631677	0.2469999999999999	CASSNGQPNTEAFF	0.8428278		1	11	KQGYQLIGSHSGVKLCRWTKSMLRGRG(G)CYKHTFYGIESHRCMETTPSLACANKC	KQGYQLIGSHSGVKLCRWTKSMLRGRG(A)CYKHTFYGIESHRCMETTPSLACANKC													G	C	0.05361229159856163		0.05361229159856163	11	0.09090909090909091	0.09090909090909091		-64.62404370631677	-0.2469999999999999		0.314477468839885	0.05758550131540489	0.8927205252640597	3.6860531036870485
Somatic	missense_variant	chr11	78109479	ALG8	ENSG00000159063	ENST00000299626	Q9BVK2-1	2.92		LPSVTLLAT	LVQQFQHTVLPSVTLLATLICTLIAIL	HTVLPSVTLLATLICTLI	1.2	HLA-B*07:02		183.8937605687589	0.5534999999999997	CASSNGQPNTEAFF	0.46693957	0.9078	2	8	DPNNIPKASMTSGLVQQFQHTVLPSVT(P)LATLICTLIAILPSIFCLWFKPQGPRG	DPNNIPKASMTSGLVQQFQHTVLPSVT(L)LATLICTLIAILPSIFCLWFKPQGPRG													G	A	0.04527623406341942		0.04527623406341942	8	0.25	0.5		-183.8937605687589	-0.5534999999999997		0.26558005752636626	0.3311897106109325	0.7527262346560095	3.673284359845903
Somatic	missense_variant	chr11	78109479	ALG8	ENSG00000159063	ENST00000299626	Q9BVK2-1	2.92		TLLATLICT	FQHTVLPSVTLLATLICTLIAILPSIF	HTVLPSVTLLATLICTLI	2.0	HLA-A*02:01	0.0150566976032465	320.1092862756329	1.106999999999999	CASSNGQPNTEAFF	0.47663528	0.9078	2	8	DPNNIPKASMTSGLVQQFQHTVLPSVT(P)LATLICTLIAILPSIFCLWFKPQGPRG	DPNNIPKASMTSGLVQQFQHTVLPSVT(L)LATLICTLIAILPSIFCLWFKPQGPRG													G	A	0.04527623406341942		0.04527623406341942	8	0.25	0.5	-0.0150566976032465	-320.1092862756329	-1.106999999999999	0.955057159038527	0.26558005752636626	0.3311897106109325	0.4999143591207543	3.617094016743409
Somatic	missense_variant	chr4	150868269	LRBA	ENSG00000198589	ENST00000651943	A0A494C1L5	5.23		FPQCPESMEV	VIATLLRNFPQCPESMEVRRAFLSDMI	LRNFPQCPESMEV	1.1	HLA-B*07:02		208.8591336040249	0.5998749999999997	CASSNGQPNTEAFF	0.37545443	0.9078	3	18	KQHPDPDSSVKIQNPQILKVIATLLRN(S)PQCPESMEVRRAFLSDMIKLFNNSREN	KQHPDPDSSVKIQNPQILKVIATLLRN(F)PQCPESMEVRRAFLSDMIKLFNNSREN													G	A	0.08303367113435765		0.08303367113435765	18	0.16666666666666666	0.5		-208.8591336040249	-0.5998749999999997		0.4870565675934805	0.3311897106109325	0.7315443905224097	3.588556983311504
Somatic	missense_variant	chr2	47463049	MSH2	ENSG00000095002	ENST00000233146	P43246-1	1.44		DQVENHEFF	EMIETTLDMDQVENHEFFVKPSFDPNL	DQVENHEFFVKPSF	2.0	HLA-B*44:03	0.0978772766762745	369.8156522781713	0.7066249999999992	CASSNGQPNTEAFF	0.5524515	0.9078	1	9	DLRSDFSKFQEMIETTLDMDQVENHEF(L)VKPSFDPNLSELREIMNDLEKKMQSTL	DLRSDFSKFQEMIETTLDMDQVENHEF(F)VKPSFDPNLSELREIMNDLEKKMQSTL													C	T	0.021085322000653807		0.021085322000653807	9	0.1111111111111111	0.1111111111111111	-0.0978772766762745	-369.8156522781713	-0.7066249999999992	0.6477533817624768	0.12368168744007668	0.07109682029296177	0.6827861832714822	3.521091755434329
Somatic	missense_variant	chr3	184327867	EIF4G1	ENSG00000114867	ENST00000346169	Q04637-1	10.58		LASPFLLFI	KEAVQCVQELASPFLLFIFVRHGVEST	QELASPFLLFI	1.2	HLA-A*02:01		62.51923043304932	0.4282499999999997	CASSNGQPNTEAFF	0.67716646	0.9078	1	6	SKAIIEEYLHLNDMKEAVQCVQELASP(S)LLFIFVRHGVESTLERSAIAREHMGQL	SKAIIEEYLHLNDMKEAVQCVQELASP(F)LLFIFVRHGVESTLERSAIAREHMGQL													C	T	0.17048054919908467		0.17048054919908467	6	0.16666666666666666	0.16666666666666666		-62.51923043304932	-0.4282499999999997		1.0	0.1082529474812433	0.8099343419925782	3.4562432629327993
Somatic	missense_variant	chr6	32157911	PPT2	ENSG00000221988	ENST00000324816	G8JLL2	1.02		GPDDGVITSW	VGHLVLIGGPDDGVITSWQSSFFGFYD	GGPDDGVITSW	1.2	HLA-C*04:01		423.5247107095761	0.6759999999999994	CASSNGQPNTEAFF	0.56435573	0.9078	1	2	NATVWRKNFLRVGHLVLIGGPDDGVIT(P)WQSSFFGFYDANETVLEMEEQLVYLRD	NATVWRKNFLRVGHLVLIGGPDDGVIT(S)WQSSFFGFYDANETVLEMEEQLVYLRD													C	T	0.014220333442301407		0.014220333442301407	2	0.5	0.5		-423.5247107095761	-0.6759999999999994		0.08341323106423777	0.3311897106109325	0.6967741935483877	3.4494761954154156
Somatic	missense_variant	chr9	21971097	CDKN2A	ENSG00000147889	ENST00000304494	P42771-1	8.54		RPVHDAARKGF	CADPATLTRPVHDAARKGFLDTLVVLH	LTRPVHDAARKGFLDTL	1.2	HLA-B*07:02		172.92327022072607	0.5308749999999998	CASSNGQPNTEAFF	0.4088881	0.9078	1	4	ELLLLHGAEPNCADPATLTRPVHDAAR(E)GFLDTLVVLHRAGARLDVRDAWGRLPV	ELLLLHGAEPNCADPATLTRPVHDAAR(K)GFLDTLVVLHRAGARLDVRDAWGRLPV													C	T	0.13713631905851584		0.13713631905851584	4	0.25	0.25		-172.92327022072607	-0.5308749999999998		0.8044103547459251	0.16398713826366562	0.7630602340850703	3.380215212867612
Somatic	missense_variant	chr11	78109479	ALG8	ENSG00000159063	ENST00000299626	Q9BVK2-1	2.92		TVLPSVTLL	SGLVQQFQHTVLPSVTLLATLICTLIA	HTVLPSVTLLATLICTLI	1.2	HLA-A*02:01		136.86982581268225	0.7297499999999993	CASSNGQPNTEAFF	0.46153086	0.9078	2	8	DPNNIPKASMTSGLVQQFQHTVLPSVT(P)LATLICTLIAILPSIFCLWFKPQGPRG	DPNNIPKASMTSGLVQQFQHTVLPSVT(L)LATLICTLIAILPSIFCLWFKPQGPRG													G	A	0.04527623406341942		0.04527623406341942	8	0.25	0.5		-136.86982581268225	-0.7297499999999993		0.26558005752636626	0.3311897106109325	0.6722238081644311	3.3512746538795892
Somatic	missense_variant	chr3	12836204	RPL32	ENSG00000144713	ENST00000429711	F8W727	46.2		YCAEITHNV	EVLLMCNKSYCAEITHNVSSKNRKAIV	KSYCAEITHNVSSKNRK	1.2	HLA-A*02:01		68.29665912573462	0.4567499999999997	CASSNGQPNTEAFF	0.3274805		1	208	GFRKFLVHNVKELEVLLMCNKSYCAEI(A)HNVSSKNRKAIVERAAQLAIRVTNPNA	GFRKFLVHNVKELEVLLMCNKSYCAEI(T)HNVSSKNRKAIVERAAQLAIRVTNPNA													C	T	0.7526969597907814		0.7526969597907814	208	0.004807692307692308	0.004807692307692308		-68.29665912573462	-0.4567499999999997		1.0	0.0	0.7969169283471313	3.1876677133885254
Somatic	missense_variant	chr11	104037922	DDI1	ENSG00000170967	ENST00000302259	Q8WTU0	0.15		FLPEGELRLC	GTTGTQTYFLPEGELRLCSRMVSGQDE	TYFLPEGELRLCSRM	1.2	HLA-A*02:01		390.6839602251738	1.2119999999999989	CASSNGQPNTEAFF	0.30616003	0.9078	1	1	CSIDLKKNVLVIGTTGTQTYFLPEGEL(P)LCSRMVSGQDESSDKEITHSVMDSGRK	CSIDLKKNVLVIGTTGTQTYFLPEGEL(R)LCSRMVSGQDESSDKEITHSVMDSGRK													C	G	0.0		0.0	1	1.0	1.0		-390.6839602251738	-1.2119999999999989		0.0	0.6655948553054662	0.45195546674279274	3.1390115775821035
Somatic	missense_variant	chr9	21971097	CDKN2A	ENSG00000147889	ENST00000304494	P42771-1	8.54		VHDAARKGFL	DPATLTRPVHDAARKGFLDTLVVLHRA	LTRPVHDAARKGFLDTL	1.2	HLA-C*04:01		413.4702034056019	0.6667499999999994	CASSNGQPNTEAFF	0.5519673	0.9078	1	4	ELLLLHGAEPNCADPATLTRPVHDAAR(E)GFLDTLVVLHRAGARLDVRDAWGRLPV	ELLLLHGAEPNCADPATLTRPVHDAAR(K)GFLDTLVVLHRAGARLDVRDAWGRLPV													C	T	0.13713631905851584		0.13713631905851584	4	0.25	0.25		-413.4702034056019	-0.6667499999999994		0.8044103547459251	0.16398713826366562	0.7009991435912081	3.1319708508921638
Somatic	missense_variant	chr3	12836204	RPL32	ENSG00000144713	ENST00000429711	F8W727	46.2		ITHNVSSKNRK	CNKSYCAEITHNVSSKNRKAIVERAAQ	KSYCAEITHNVSSKNRK	2.0	HLA-A*03:01	0.1049616352365193	325.8096329700251	0.8289999999999995	CASSNGQPNTEAFF	0.78391147		1	208	GFRKFLVHNVKELEVLLMCNKSYCAEI(A)HNVSSKNRKAIVERAAQLAIRVTNPNA	GFRKFLVHNVKELEVLLMCNKSYCAEI(T)HNVSSKNRKAIVERAAQLAIRVTNPNA													C	T	0.7526969597907814		0.7526969597907814	208	0.004807692307692308	0.004807692307692308	-0.1049616352365193	-325.8096329700251	-0.8289999999999995	0.6214670388087344	1.0	0.0	0.6268912360833576	3.129031983142165
Somatic	missense_variant	chr2	1903254	MYT1L	ENSG00000186487	ENST00000647738	Q9UL68-1	0.73		KQLEIPQYSY	VLRPMCFVKQLEIPQYSYRNNVPTTTP	KQLEIPQYSY	1.2	HLA-C*07:02		146.59647836540188	0.87625	CASSNGQPNTEAFF	0.6645713	0.9078	1	2	DVSKSSQASDRVLRPMCFVKQLEIPQY(G)YRNNVPTTTPRSNLAKELEKYSKTSFE	DVSKSSQASDRVLRPMCFVKQLEIPQY(S)YRNNVPTTTPRSNLAKELEKYSKTSFE													C	T	0.009480222294867604		0.009480222294867604	2	0.5	0.5		-146.59647836540188	-0.87625		0.05560882070949185	0.3311897106109325	0.6053097345132746	3.0836183592749635
Somatic	missense_variant	chr3	12836204	RPL32	ENSG00000144713	ENST00000429711	F8W727	46.2		KSYCAEITH	ELEVLLMCNKSYCAEITHNVSSKNRKA	KSYCAEITHNVSSKNRK	1.2	HLA-A*03:01		156.07910475580755	0.560625	CASSNGQPNTEAFF	0.5966586		1	208	GFRKFLVHNVKELEVLLMCNKSYCAEI(A)HNVSSKNRKAIVERAAQLAIRVTNPNA	GFRKFLVHNVKELEVLLMCNKSYCAEI(T)HNVSSKNRKAIVERAAQLAIRVTNPNA													C	T	0.7526969597907814		0.7526969597907814	208	0.004807692307692308	0.004807692307692308		-156.07910475580755	-0.560625		1.0	0.0	0.7494718812446477	2.997887524978591
Somatic	missense_variant	chr12	101312218	UTP20	ENSG00000120800	ENST00000261637	O75691	2.13		SERVEPRSREL	LWRALTKFSERVEPRSRELSPLFLRFI	RALTKFSERVEPRSREL	1.1	HLA-B*44:03		330.5666606107467	0.6754999999999991	CASSNGQPNTEAFF	0.28882113		1	12	LALKTDCQERLDHTNFRFLLWRALTKF(P)ERVEPRSRELSPLFLRFINNEYYPADL	LALKTDCQERLDHTNFRFLLWRALTKF(S)ERVEPRSRELSPLFLRFINNEYYPADL													C	T	0.03236351748937562		0.03236351748937562	12	0.08333333333333333	0.08333333333333333		-330.5666606107467	-0.6754999999999991		0.18983700862895495	0.05251875669882101	0.697002569226378	2.893047790303154
Somatic	missense_variant	chr13	40560044	FOXO1	ENSG00000150907	ENST00000379561	Q12778	1.16		IMTPVDPWVA	SDSPPHNDIMTPVDPWVAQPNSRVLGQ	IMTPVDPWVA	1.2	HLA-A*02:01		187.949840392228	0.8666249999999991	CASSNGQPNTEAFF	0.19890249	0.9078	1	3	NCAPGLLKELLTSDSPPHNDIMTPVDP(G)VAQPNSRVLGQNVMMGPNSVMSTYGSQ	NCAPGLLKELLTSDSPPHNDIMTPVDP(W)VAQPNSRVLGQNVMMGPNSVMSTYGSQ													C	A	0.016508662961752206		0.016508662961752206	3	0.3333333333333333	0.3333333333333333		-187.949840392228	-0.8666249999999991		0.09683604985618408	0.2197213290460879	0.6097059663145882	2.8782665233505287
Somatic	missense_variant	chr11	104037922	DDI1	ENSG00000170967	ENST00000302259	Q8WTU0	0.15		TYFLPEGELRL	VIGTTGTQTYFLPEGELRLCSRMVSGQ	TYFLPEGELRLCSRM	1.2	HLA-C*07:02		243.5743658377353	1.3955000000000009	CASSNGQPNTEAFF	0.14344762	0.9078	1	1	CSIDLKKNVLVIGTTGTQTYFLPEGEL(P)LCSRMVSGQDESSDKEITHSVMDSGRK	CSIDLKKNVLVIGTTGTQTYFLPEGEL(R)LCSRMVSGQDESSDKEITHSVMDSGRK													C	G	0.0		0.0	1	1.0	1.0		-243.5743658377353	-1.3955000000000009		0.0	0.6655948553054662	0.368141592920354	2.8037560822923484
Somatic	missense_variant	chr9	21971097	CDKN2A	ENSG00000147889	ENST00000304494	P42771-1	8.54		VHDAARKGF	ADPATLTRPVHDAARKGFLDTLVVLHR	LTRPVHDAARKGFLDTL	1.2	HLA-C*07:02		144.93034359931505	0.86525	CASSNGQPNTEAFF	0.70245326	0.9078	1	4	ELLLLHGAEPNCADPATLTRPVHDAAR(E)GFLDTLVVLHRAGARLDVRDAWGRLPV	ELLLLHGAEPNCADPATLTRPVHDAAR(K)GFLDTLVVLHRAGARLDVRDAWGRLPV													C	T	0.13713631905851584		0.13713631905851584	4	0.25	0.25		-144.93034359931505	-0.86525		0.8044103547459251	0.16398713826366562	0.6103339994290611	2.7693102742435753
Somatic	missense_variant	chr12	101312218	UTP20	ENSG00000120800	ENST00000261637	O75691	2.13		RALTKFSER	HTNFRFLLWRALTKFSERVEPRSRELS	RALTKFSERVEPRSREL	1.2	HLA-A*03:01		270.3326943769402	0.7599999999999998	CASSNGQPNTEAFF	0.30762428		1	12	LALKTDCQERLDHTNFRFLLWRALTKF(P)ERVEPRSRELSPLFLRFINNEYYPADL	LALKTDCQERLDHTNFRFLLWRALTKF(S)ERVEPRSRELSPLFLRFINNEYYPADL													C	T	0.03236351748937562		0.03236351748937562	12	0.08333333333333333	0.08333333333333333		-270.3326943769402	-0.7599999999999998		0.18983700862895495	0.05251875669882101	0.6584070796460181	2.7386658319817143
Somatic	missense_variant	chr10	72213276	ASCC1	ENSG00000138303	ENST00000672957	Q8N9N2-2	2.99		VLRPQPIRI	MEVLRPQPIRIDGRNYRKNPVQEQTYQ	MEVLRPQPIRIDG	1.2	HLA-A*02:01		365.9418380490227	1.1746249999999991	CASSNGQPNTEAFF	0.49075735	0.9078	3	15	MEVLRPQ(L)IRIDGRNYRKNPVQEQTYQHEEDEEDF	MEVLRPQ(P)IRIDGRNYRKNPVQEQTYQHEEDEEDF													A	G	0.046420398823144825		0.046420398823144825	15	0.2	0.6000000000000001		-365.9418380490227	-1.1746249999999991		0.2722914669223394	0.39807073954983935	0.4690265486725671	2.672247673789947
Somatic	missense_variant	chr11	104037922	DDI1	ENSG00000170967	ENST00000302259	Q8WTU0	0.15		YFLPEGELRL	IGTTGTQTYFLPEGELRLCSRMVSGQD	TYFLPEGELRLCSRM	1.2	HLA-C*07:02		265.3167097963165	1.4958750000000007	CASSNGQPNTEAFF	0.24238081	0.9078	1	1	CSIDLKKNVLVIGTTGTQTYFLPEGEL(P)LCSRMVSGQDESSDKEITHSVMDSGRK	CSIDLKKNVLVIGTTGTQTYFLPEGEL(R)LCSRMVSGQDESSDKEITHSVMDSGRK													C	G	0.0		0.0	1	1.0	1.0		-265.3167097963165	-1.4958750000000007		0.0	0.6655948553054662	0.3222951755638025	2.6203704128661425
Somatic	missense_variant	chr16	24943776	ARHGAP17	ENSG00000140750	ENST00000289968		5.2		FFLEEVEF	EPIIQHADWFFLEEVEFNVSEAFVPLT	IQHADWFFLEEVEFNV	1.1	HLA-C*07:02		146.75099310617446	0.87625	CASSNGQPNTEAFF	0.6593169	0.9078	1	7	LAEMAAATSVHVVAVIEPIIQHADWFF(P)EEVEFNVSEAFVPLTTPSSNHSFHTGN	LAEMAAATSVHVVAVIEPIIQHADWFF(L)EEVEFNVSEAFVPLTTPSSNHSFHTGN													G	A	0.08254331480876104		0.08254331480876104	7	0.14285714285714285	0.14285714285714285		-146.75099310617446	-0.87625		0.48418024928092046	0.09232889297197981	0.6053097345132746	2.6058967239970583
Somatic	missense_variant	chr4	150868269	LRBA	ENSG00000198589	ENST00000651943	A0A494C1L5	5.23		RNFPQCPESM	LKVIATLLRNFPQCPESMEVRRAFLSD	LRNFPQCPESMEV	1.1	HLA-C*07:02		198.25996090008053	1.1782500000000002	CASSNGQPNTEAFF	0.45336127	0.9078	3	18	KQHPDPDSSVKIQNPQILKVIATLLRN(S)PQCPESMEVRRAFLSDMIKLFNNSREN	KQHPDPDSSVKIQNPQILKVIATLLRN(F)PQCPESMEVRRAFLSDMIKLFNNSREN													G	A	0.08303367113435765		0.08303367113435765	18	0.16666666666666666	0.5		-198.25996090008053	-1.1782500000000002		0.4870565675934805	0.3311897106109325	0.4673708250071369	2.5318627212504126
Somatic	missense_variant	chr11	78109479	ALG8	ENSG00000159063	ENST00000299626	Q9BVK2-1	2.92		VLPSVTLLAT	LVQQFQHTVLPSVTLLATLICTLIAIL	HTVLPSVTLLATLICTLI	1.2	HLA-A*02:01		399.0105122895292	1.2169999999999987	CASSNGQPNTEAFF	0.24957946	0.9078	2	8	DPNNIPKASMTSGLVQQFQHTVLPSVT(P)LATLICTLIAILPSIFCLWFKPQGPRG	DPNNIPKASMTSGLVQQFQHTVLPSVT(L)LATLICTLIAILPSIFCLWFKPQGPRG													G	A	0.04527623406341942		0.04527623406341942	8	0.25	0.5		-399.0105122895292	-1.2169999999999987		0.26558005752636626	0.3311897106109325	0.44967170996288985	2.4610662610734244
Somatic	missense_variant	chr11	78109479	ALG8	ENSG00000159063	ENST00000299626	Q9BVK2-1	2.92		HTVLPSVTL	TSGLVQQFQHTVLPSVTLLATLICTLI	HTVLPSVTLLATLICTLI	2.0	HLA-C*07:02	0.015127569430999	330.3048660320598	1.7598750000000007	CASSNGQPNTEAFF	0.5022301	0.9078	2	8	DPNNIPKASMTSGLVQQFQHTVLPSVT(P)LATLICTLIAILPSIFCLWFKPQGPRG	DPNNIPKASMTSGLVQQFQHTVLPSVT(L)LATLICTLIAILPSIFCLWFKPQGPRG													G	A	0.04527623406341942		0.04527623406341942	8	0.25	0.5	-0.015127569430999	-330.3048660320598	-1.7598750000000007	0.9547941908171674	0.26558005752636626	0.3311897106109325	0.2017128175849272	2.4240248823787414
Somatic	missense_variant	chr7	67067307	TYW1	ENSG00000198874	ENST00000359626	Q9NV66-1	3.43		GRGACYKHTF	RWTKSMLRGRGACYKHTFYGIESHRCM	SMLRGRGACYKHTF	1.2	HLA-C*07:02		160.406941731344	0.962375	CASSNGQPNTEAFF	0.6112765		1	11	KQGYQLIGSHSGVKLCRWTKSMLRGRG(G)CYKHTFYGIESHRCMETTPSLACANKC	KQGYQLIGSHSGVKLCRWTKSMLRGRG(A)CYKHTFYGIESHRCMETTPSLACANKC													G	C	0.05361229159856163		0.05361229159856163	11	0.09090909090909091	0.09090909090909091		-160.406941731344	-0.962375		0.314477468839885	0.05758550131540489	0.5659720239794465	2.3790590985485958
Somatic	missense_variant	chr10	72213276	ASCC1	ENSG00000138303	ENST00000672957	Q8N9N2-2	2.99		LRPQPIRI	MEVLRPQPIRIDGRNYRKNPVQEQTYQ	MEVLRPQPIRIDG	1.2	HLA-C*07:02		229.94801666047223	1.3386250000000006	CASSNGQPNTEAFF	0.7808347	0.9078	3	15	MEVLRPQ(L)IRIDGRNYRKNPVQEQTYQHEEDEEDF	MEVLRPQ(P)IRIDGRNYRKNPVQEQTYQHEEDEEDF													A	G	0.046420398823144825		0.046420398823144825	15	0.2	0.6000000000000001		-229.94801666047223	-1.3386250000000006		0.2722914669223394	0.39807073954983935	0.39411932629174995	2.3726187842666784
Somatic	missense_variant	chr4	122934567	AFG2A	ENSG00000145375	ENST00000274008	Q8NB90-1	3.08		YFVSSTTRVNF	AKCNTDTFYFVSSTTRVNFTEIDKNSK	YFVSSTTRVNF	1.1	HLA-C*07:02		446.8064821472688	2.1561250000000007	CASSNGQPNTEAFF	0.59956145	0.9078	5	15	GNEQLTEEERLLKFSIGAKCNTDTFYF(I)SSTTRVNFTEIDKNSKEQDNQFKVTYD	GNEQLTEEERLLKFSIGAKCNTDTFYF(V)SSTTRVNFTEIDKNSKEQDNQFKVTYD													A	G	0.047891467799934626		0.047891467799934626	15	0.3333333333333333	1.6666666666666665		-446.8064821472688	-2.1561250000000007		0.2809204218600192	1.0	0.020725092777619247	2.082900371110477
Somatic	missense_variant	chr10	68493558	SLC25A16	ENSG00000122912	ENST00000609923	P16260	1.85		AICTYPLDMV	GSMAGMTAAICTYPLDMVRVRLAFQVK	AICTYPLDMV	1.1	HLA-A*02:01		425.0662558930189	1.2468749999999988	CASSNGQPNTEAFF	0.6130068	0.9078	1	4	KTLITTKLGISGHVHRLMAGSMAGMTA(V)ICTYPLDMVRVRLAFQVKGEHSYTGII	KTLITTKLGISGHVHRLMAGSMAGMTA(A)ICTYPLDMVRVRLAFQVKGEHSYTGII													A	G	0.027786858450474013		0.027786858450474013	4	0.25	0.25		-425.0662558930189	-1.2468749999999988		0.1629913710450623	0.16398713826366562	0.4360262632029698	2.0720793293392106
Somatic	missense_variant	chr16	24943776	ARHGAP17	ENSG00000140750	ENST00000289968		5.2		WFFLEEVEF	IEPIIQHADWFFLEEVEFNVSEAFVPL	IQHADWFFLEEVEFNV	1.2	HLA-C*07:02		199.64010952406807	1.1881250000000003	CASSNGQPNTEAFF	0.56646514	0.9078	1	7	LAEMAAATSVHVVAVIEPIIQHADWFF(P)EEVEFNVSEAFVPLTTPSSNHSFHTGN	LAEMAAATSVHVVAVIEPIIQHADWFF(L)EEVEFNVSEAFVPLTTPSSNHSFHTGN													G	A	0.08254331480876104		0.08254331480876104	7	0.14285714285714285	0.14285714285714285		-199.64010952406807	-1.1881250000000003		0.48418024928092046	0.09232889297197981	0.4628604053668286	2.036099407411274
Somatic	missense_variant	chr3	184327867	EIF4G1	ENSG00000114867	ENST00000346169	Q04637-1	10.58		ELASPFLLFI	KEAVQCVQELASPFLLFIFVRHGVEST	QELASPFLLFI	1.2	HLA-A*02:01		456.9254438190704	1.2873749999999993	CASSNGQPNTEAFF	0.3728235	0.9078	1	6	SKAIIEEYLHLNDMKEAVQCVQELASP(S)LLFIFVRHGVESTLERSAIAREHMGQL	SKAIIEEYLHLNDMKEAVQCVQELASP(F)LLFIFVRHGVESTLERSAIAREHMGQL													C	T	0.17048054919908467		0.17048054919908467	6	0.16666666666666666	0.16666666666666666		-456.9254438190704	-1.2873749999999993		1.0	0.1082529474812433	0.4175278332857557	1.8866172281055094
Somatic	missense_variant	chr6	32157911	PPT2	ENSG00000221988	ENST00000324816	G8JLL2	1.02		GGPDDGVITSW	RVGHLVLIGGPDDGVITSWQSSFFGFY	GGPDDGVITSW	1.2	HLA-C*07:02		289.07727809114147	1.5925000000000005	CASSNGQPNTEAFF	0.47631824	0.9078	1	2	NATVWRKNFLRVGHLVLIGGPDDGVIT(P)WQSSFFGFYDANETVLEMEEQLVYLRD	NATVWRKNFLRVGHLVLIGGPDDGVIT(S)WQSSFFGFYDANETVLEMEEQLVYLRD													C	T	0.014220333442301407		0.014220333442301407	2	0.5	0.5		-289.07727809114147	-1.5925000000000005		0.08341323106423777	0.3311897106109325	0.27816157579217826	1.775025724390578
Somatic	missense_variant	chr7	67067307	TYW1	ENSG00000198874	ENST00000359626	Q9NV66-1	3.43		RGACYKHTF	RWTKSMLRGRGACYKHTFYGIESHRCM	SMLRGRGACYKHTF	1.1	HLA-C*07:02		296.1842647044148	1.6175000000000004	CASSNGQPNTEAFF	0.61831		1	11	KQGYQLIGSHSGVKLCRWTKSMLRGRG(G)CYKHTFYGIESHRCMETTPSLACANKC	KQGYQLIGSHSGVKLCRWTKSMLRGRG(A)CYKHTFYGIESHRCMETTPSLACANKC													G	C	0.05361229159856163		0.05361229159856163	11	0.09090909090909091	0.09090909090909091		-296.1842647044148	-1.6175000000000004		0.314477468839885	0.05758550131540489	0.2667427918926636	1.182142170201464
Somatic	missense_variant	chr4	150868269	LRBA	ENSG00000198589	ENST00000651943	A0A494C1L5	5.23		LRNFPQCPESM	ILKVIATLLRNFPQCPESMEVRRAFLS	LRNFPQCPESMEV	1.2	HLA-C*07:02		439.5002907422908	2.125375000000001	CASSNGQPNTEAFF	0.42488313	0.9078	3	18	KQHPDPDSSVKIQNPQILKVIATLLRN(S)PQCPESMEVRRAFLSDMIKLFNNSREN	KQHPDPDSSVKIQNPQILKVIATLLRN(F)PQCPESMEVRRAFLSDMIKLFNNSREN													G	A	0.08303367113435765		0.08303367113435765	18	0.16666666666666666	0.5		-439.5002907422908	-2.125375000000001		0.4870565675934805	0.3311897106109325	0.03477019697402228	0.8014602091179541
Somatic	missense_variant	chr2	47463049	MSH2	ENSG00000095002	ENST00000233146	P43246-1	1.44		EFFVKPSF	LDMDQVENHEFFVKPSFDPNLSELREI	DQVENHEFFVKPSF	1.1	HLA-C*07:02		463.8832949951573	2.2015000000000007	CASSNGQPNTEAFF	0.67370963	0.9078	1	9	DLRSDFSKFQEMIETTLDMDQVENHEF(L)VKPSFDPNLSELREIMNDLEKKMQSTL	DLRSDFSKFQEMIETTLDMDQVENHEF(F)VKPSFDPNLSELREIMNDLEKKMQSTL													C	T	0.021085322000653807		0.021085322000653807	9	0.1111111111111111	0.1111111111111111		-463.8832949951573	-2.2015000000000007		0.12368168744007668	0.07109682029296177	0.0	0.14219364058592354
