sample	chrom	pos	ref	alt	gene_symbol	ensembl_gene_id	ensembl_transcript_id	aa_change	cds_change	uniprot_id	rs_ids	other_variant_ids	consequence	filter	notes
Chernyackeey_TUMOR	chr1	2629382	G	C	MMEL1-AS1	ENSG00000237058	ENST00000723522				rs1320133623	COSV56521877	intron_variant&non_coding_transcript_variant	PASS	no_c;no_p;has_rs;has_other_ids
Chernyackeey_TUMOR	chr1	3478531	C	T	ARHGEF16	ENSG00000130762	ENST00000378378	p.S578F	c.1733C>T	Q5VV41.173			missense_variant	PASS	c_inferred;p_inferred
Chernyackeey_TUMOR	chr1	10320121	G	A	KIF1B	ENSG00000054523	ENST00000676179	p.E732K	c.2194G>A	O60333.231			missense_variant	PASS	c_inferred;p_inferred
Chernyackeey_TUMOR	chr1	13321890	G	A	PRAMEF15	ENSG00000204501	ENST00000376152	p.E355K	c.1063G>A	P0DUQ1.12&P0DUQ2.12			missense_variant	PASS	c_inferred;p_inferred
Chernyackeey_TUMOR	chr1	21812501	G	A	LDLRAD2	ENSG00000187942	ENST00000344642	p.G17E	c.50G>A	Q5SZI1.125			missense_variant	PASS	c_inferred;p_inferred
Chernyackeey_TUMOR	chr1	22563686	CGCG	C	EPHA8	ENSG00000070886	ENST00000166244			P29322.227	rs1284214542		inframe_deletion	PASS	no_c;no_p;has_rs
Chernyackeey_TUMOR	chr1	25408785	G	A	RHCE	ENSG00000188672	ENST00000294413	p.A78D	c.233G>A	P18577.194			missense_variant	PASS	c_inferred;p_inferred
Chernyackeey_TUMOR	chr1	26185000	C	T		ENSG00000302380	ENST00000786278						downstream_gene_variant	PASS	no_c;no_p
Chernyackeey_TUMOR	chr1	43232493	C	T		ENSG00000303581	ENST00000795849						downstream_gene_variant	PASS	no_c;no_p
Chernyackeey_TUMOR	chr1	50177107	G	A	ELAVL4	ENSG00000162374	ENST00000371824	p.G90E	c.269G>A	P26378.201			missense_variant	PASS	c_inferred;p_inferred
Chernyackeey_TUMOR	chr1	53327836	A	AGCC	LRP8-DT	ENSG00000225675	ENST00000792371				rs759395062		upstream_gene_variant	PASS	no_c;no_p;has_rs
Chernyackeey_TUMOR	chr1	56912493	C	T	C8A	ENSG00000157131	ENST00000361249	p.L491=	c.1471C>T	P07357.226		COSV104669201	synonymous_variant	PASS	c_inferred;p_inferred;has_other_ids
Chernyackeey_TUMOR	chr1	62444699	C	T	USP1	ENSG00000162607	ENST00000339950			O94782.197			intron_variant	PASS	no_c;no_p
Chernyackeey_TUMOR	chr1	84202776	C	T	PRKACB	ENSG00000142875	ENST00000370685	p.Q293*	c.877C>T	P22694.231			stop_gained	PASS	c_inferred;p_inferred
Chernyackeey_TUMOR	chr1	93877312	C	T	DNTTIP2	ENSG00000067334	ENST00000436063	p.R208M	c.623C>T	Q5QJE6.145			missense_variant	PASS	c_inferred;p_inferred
Chernyackeey_TUMOR	chr1	94897924	G	A	CNN3	ENSG00000117519	ENST00000370206	p.P270T	c.808G>A	Q15417.203	rs937836322		missense_variant	PASS	c_inferred;p_inferred;has_rs
Chernyackeey_TUMOR	chr1	151159091	G	A	TNFAIP8L2	ENSG00000163154	ENST00000368910	p.E132K	c.394G>A	Q6P589.142	rs1380251616		missense_variant	PASS	c_inferred;p_inferred;has_rs
Chernyackeey_TUMOR	chr1	152776412	C	T	LCE1F	ENSG00000240386	ENST00000334371	p.P14L	c.41C>T	Q5T754.108			missense_variant	PASS	c_inferred;p_inferred
Chernyackeey_TUMOR	chr1	153777733	C	T	SLC27A3	ENSG00000143554	ENST00000624995			Q5K4L6.162	rs3841382	COSV55165826	intron_variant	PASS	no_c;no_p;has_rs;has_other_ids
Chernyackeey_TUMOR	chr1	155086223	C	T	EFNA3	ENSG00000143590	ENST00000368408			P52797.188	rs1167247719		intron_variant	PASS	no_c;no_p;has_rs
Chernyackeey_TUMOR	chr1	156285706	GC	G	TMEM79	ENSG00000163472	ENST00000405535			Q9BSE2.146	rs780694092		frameshift_variant	PASS	no_c;no_p;has_rs
Chernyackeey_TUMOR	chr1	158648634	C	T	SPTA1	ENSG00000163554	ENST00000643759	p.E1197*	c.3589C>T	P02549.251	rs200985856	COSV63750274	missense_variant	PASS	c_inferred;p_inferred;has_rs;has_other_ids
Chernyackeey_TUMOR	chr1	161074575	C	T	NECTIN4	ENSG00000143217	ENST00000368012			Q96NY8.184			intron_variant	PASS	no_c;no_p
Chernyackeey_TUMOR	chr1	166956928	G	A	ILDR2	ENSG00000143195	ENST00000271417			Q71H61.147			intron_variant	PASS	no_c;no_p
Chernyackeey_TUMOR	chr1	169386943	A	T	BLZF1	ENSG00000117475	ENST00000367808			Q9H2G9.173			intron_variant	PASS	no_c;no_p
Chernyackeey_TUMOR	chr1	175945224	G	A	COP1	ENSG00000143207	ENST00000367669			Q8NHY2.188			intron_variant	PASS	no_c;no_p
Chernyackeey_TUMOR	chr1	176699382	A	G	PAPPA2	ENSG00000116183	ENST00000367662	p.K1010R	c.3029A>G	Q9BXP8.186	rs776302564		missense_variant	PASS	c_inferred;p_inferred;has_rs
Chernyackeey_TUMOR	chr1	203683315	C	T	ATP2B4	ENSG00000058668	ENST00000357681	p.S37L	c.110C>T	P23634.231	rs986432272	COSV100398125	missense_variant	PASS	c_inferred;p_inferred;has_rs;has_other_ids
Chernyackeey_TUMOR	chr1	207471116	A	C	CR2	ENSG00000117322	ENST00000367057			P20023.226			intron_variant	PASS	no_c;no_p
Chernyackeey_TUMOR	chr1	208045191	G	A	PLXNA2	ENSG00000076356	ENST00000367033	p.P1172H	c.3515G>A	O75051.177		COSV65440928	missense_variant	PASS	c_inferred;p_inferred;has_other_ids
Chernyackeey_TUMOR	chr1	226883698	C	T	PSEN2	ENSG00000143801	ENST00000366783			P49810.235		COSV60915352	splice_region_variant&splice_polypyrimidine_tract_variant&intron_variant	PASS	no_c;no_p;has_other_ids
Chernyackeey_TUMOR	chr1	248060976	C	T	OR2L3	ENSG00000198128	ENST00000359959	p.Q99*	c.295C>T	Q8NG85.147		COSV107458328,COSV63454753	stop_gained	PASS	c_inferred;p_inferred;has_other_ids
Chernyackeey_TUMOR	chr2	1903254	C	T	MYT1L	ENSG00000186487	ENST00000647738	p.G620C	c.1858C>T	Q9UL68.162			missense_variant	PASS	c_inferred;p_inferred
Chernyackeey_TUMOR	chr2	20670441	C	T	GDF7	ENSG00000143869	ENST00000272224			Q7Z4P5.135			intron_variant	PASS	no_c;no_p
Chernyackeey_TUMOR	chr2	23880613	G	A	ATAD2B	ENSG00000119778	ENST00000238789			Q9ULI0.163			intron_variant	PASS	no_c;no_p
Chernyackeey_TUMOR	chr2	27369012	G	A	GTF3C2-AS2	ENSG00000234072	ENST00000412749				rs763488648	COSV105088353	downstream_gene_variant	PASS	no_c;no_p;has_rs;has_other_ids
Chernyackeey_TUMOR	chr2	33315213	T	G	LTBP1	ENSG00000049323	ENST00000404816	p.F1225C	c.3674T>G	Q14766.214	rs1349065112		missense_variant	PASS	c_inferred;p_inferred;has_rs
Chernyackeey_TUMOR	chr2	39325623	A	G	MAP4K3	ENSG00000011566	ENST00000263881	p.P271=	c.813A>G	Q8IVH8.183			synonymous_variant	PASS	c_inferred;p_inferred
Chernyackeey_TUMOR	chr2	42444634	C	T		ENSG00000221300	ENST00000408373				rs1209438522		downstream_gene_variant	PASS	no_c;no_p;has_rs
Chernyackeey_TUMOR	chr2	43832076	C	T	ABCG5	ENSG00000138075	ENST00000405322	p.G91=	c.273C>T	Q9H222.197	rs1401843886		synonymous_variant	PASS	c_inferred;p_inferred;has_rs
Chernyackeey_TUMOR	chr2	47463049	C	T	MSH2	ENSG00000095002	ENST00000233146	p.L469F	c.1405C>T	P43246.247	rs780702096	COSV51885640	missense_variant	PASS	c_inferred;p_inferred;has_rs;has_other_ids
Chernyackeey_TUMOR	chr2	73559217	C	T	ALMS1	ENSG00000116127	ENST00000613296			Q8TCU4.176			intron_variant	PASS	no_c;no_p
Chernyackeey_TUMOR	chr2	74674621	C	T	SEMA4F	ENSG00000135622	ENST00000357877	p.R316*	c.946C>T	O95754.201	rs770155615	COSV60284036	stop_gained	PASS	c_inferred;p_inferred;has_rs;has_other_ids
Chernyackeey_TUMOR	chr2	84625072	C	T	DNAH6	ENSG00000115423	ENST00000389394			Q9C0G6.156			intron_variant	PASS	no_c;no_p
Chernyackeey_TUMOR	chr2	112833571	G	A		ENSG00000299339	ENST00000762706						intron_variant&non_coding_transcript_variant	PASS	no_c;no_p
Chernyackeey_TUMOR	chr2	134947806	T	G	CCNT2	ENSG00000082258	ENST00000264157	p.C204G	c.610T>G	O60583.202			missense_variant	PASS	c_inferred;p_inferred
Chernyackeey_TUMOR	chr2	151553978	G	A	NEB	ENSG00000183091	ENST00000397345	p.I6492=	c.19476G>A	P20929.212	rs113068669	COSV50845681	synonymous_variant	PASS	c_inferred;p_inferred;has_rs;has_other_ids
Chernyackeey_TUMOR	chr2	154242697	G	A	GALNT13	ENSG00000144278	ENST00000392825			Q8IUC8.171		COSV101224005	splice_acceptor_variant	PASS	no_c;no_p;has_other_ids
Chernyackeey_TUMOR	chr2	166046868	C	T	SCN1A	ENSG00000144285	ENST00000674923	p.E427*	c.1279C>T	P35498.235	rs1192340706	COSV105147551	missense_variant	PASS	c_inferred;p_inferred;has_rs;has_other_ids
Chernyackeey_TUMOR	chr2	166304307	G	A	SCN1A-AS1	ENSG00000236107	ENST00000651574						intron_variant&non_coding_transcript_variant	PASS	no_c;no_p
Chernyackeey_TUMOR	chr2	166304308	G	A	SCN9A	ENSG00000169432	ENST00000642356	p.N206K	c.618G>A	Q15858.209			synonymous_variant	PASS	c_inferred;p_inferred
Chernyackeey_TUMOR	chr2	167244750	C	T	XIRP2	ENSG00000163092	ENST00000409195	p.H1120Y	c.3358C>T	A4UGR9.128		COSV54693856,COSV54737225	missense_variant	PASS	c_inferred;p_inferred;has_other_ids
Chernyackeey_TUMOR	chr2	176188972	C	T	MIR7704	ENSG00000283880	ENST00000610524				rs559084862		downstream_gene_variant	PASS	no_c;no_p;has_rs
Chernyackeey_TUMOR	chr2	178558008	C	T	TTN	ENSG00000155657	ENST00000589042	p.E29116*	c.87346C>T	Q8WZ42	rs1472877475	COSV105216547	missense_variant	PASS	c_inferred;p_inferred;uniprot_from_map_ensg;has_rs;has_other_ids
Chernyackeey_TUMOR	chr2	178756828	G	A	TTN-AS1	ENSG00000237298	ENST00000659121						intron_variant&non_coding_transcript_variant	PASS	no_c;no_p
Chernyackeey_TUMOR	chr2	188991508	G	A	COL3A1	ENSG00000168542	ENST00000304636	p.E292K	c.874G>A	P02461.242	rs138818489	COSV58595499	missense_variant	PASS	c_inferred;p_inferred;has_rs;has_other_ids
Chernyackeey_TUMOR	chr2	195876471	G	A	DNAH7	ENSG00000118997	ENST00000312428			Q8WXX0.161			intron_variant	PASS	no_c;no_p
Chernyackeey_TUMOR	chr2	201753117	G	A	ALS2	ENSG00000003393	ENST00000264276			Q96Q42.204			intron_variant	PASS	no_c;no_p
Chernyackeey_TUMOR	chr2	201854854	C	T	CDK15	ENSG00000138395	ENST00000652192			Q96Q40.189	rs756725510	COSV53632228	intron_variant	PASS	no_c;no_p;has_rs;has_other_ids
Chernyackeey_TUMOR	chr2	215031837	T	A	ABCA12	ENSG00000144452	ENST00000272895	p.S349=	c.1045T>A	Q86UK0.178			missense_variant	PASS	c_inferred;p_inferred
Chernyackeey_TUMOR	chr2	217808632	G	A	TNS1	ENSG00000079308	ENST00000682258	p.T1771=	c.5313G>A	Q9HBL0.186	rs1939715573		synonymous_variant	PASS	c_inferred;p_inferred;has_rs
Chernyackeey_TUMOR	chr2	227025849	G	A	COL4A4	ENSG00000081052	ENST00000396625			P53420.224			intron_variant	PASS	no_c;no_p
Chernyackeey_TUMOR	chr2	238255836	C	T		ENSG00000225057	ENST00000456601						downstream_gene_variant	PASS	no_c;no_p
Chernyackeey_TUMOR	chr2	240561107	C	T	DUSP28	ENSG00000188542	ENST00000405954			Q4G0W2.132		COSV104556908	intron_variant	PASS	no_c;no_p;has_other_ids
Chernyackeey_TUMOR	chr3	10092221	G	A	FANCD2	ENSG00000144554	ENST00000675286	p.R1273Q	c.3818G>A	Q9BXW9.196	rs772180708	COSV55039688	missense_variant	PASS	c_inferred;p_inferred;has_rs;has_other_ids
Chernyackeey_TUMOR	chr3	12836204	C	T	CAND2	ENSG00000144712	ENST00000456430			O75155.179	rs770370617		downstream_gene_variant	PASS	no_c;no_p;has_rs
Chernyackeey_TUMOR	chr3	35792478	G	A	ARPP21	ENSG00000172995	ENST00000684406	p.G745E	c.2234G>A	A0A804HI65	rs868857967	COSV106083279,COSV51795120	missense_variant	PASS	c_inferred;p_inferred;uniprot_from_map_enst;has_rs;has_other_ids
Chernyackeey_TUMOR	chr3	38726995	C	T	SCN10A	ENSG00000185313	ENST00000449082	p.A900S	c.2698C>T	Q9Y5Y9.180			missense_variant	PASS	c_inferred;p_inferred
Chernyackeey_TUMOR	chr3	48575649	C	T	COL7A1	ENSG00000114270	ENST00000681320	p.E1986*	c.5956C>T	Q02388.250	rs144208360	COSV60395355	missense_variant	PASS	c_inferred;p_inferred;has_rs;has_other_ids
Chernyackeey_TUMOR	chr3	50326257	C	A	HYAL2	ENSG00000068001	ENST00000357750			Q12891.201			upstream_gene_variant	PASS	no_c;no_p
Chernyackeey_TUMOR	chr3	52381754	C	T	DNAH1	ENSG00000114841	ENST00000420323	p.L2575=	c.7723C>T	Q9P2D7.164			synonymous_variant	PASS	c_inferred;p_inferred
Chernyackeey_TUMOR	chr3	74298093	G	A	CNTN3	ENSG00000113805	ENST00000263665	p.S755=	c.2265G>A	Q9P232.175			synonymous_variant	PASS	c_inferred;p_inferred
Chernyackeey_TUMOR	chr3	98169598	C	T	OR5H15	ENSG00000233412	ENST00000641450	p.S300L	c.899C>T	A6NDH6.121	rs1708779574	COSV62947496,COSV62948489	missense_variant	PASS	c_inferred;p_inferred;has_rs;has_other_ids
Chernyackeey_TUMOR	chr3	114056364	C	T	CCDC191	ENSG00000163617	ENST00000295878			Q8NCU4.129			intron_variant	PASS	no_c;no_p
Chernyackeey_TUMOR	chr3	126146969	G	T	ALDH1L1	ENSG00000144908	ENST00000393434			O75891.214	rs746846655		intron_variant	PASS	no_c;no_p;has_rs
Chernyackeey_TUMOR	chr3	184327867	C	T	EIF4G1	ENSG00000114867	ENST00000346169	p.S1273F	c.3818C>T	Q04637.243	rs1725250078	COSV59994750	missense_variant	PASS	c_inferred;p_inferred;has_rs;has_other_ids
Chernyackeey_TUMOR	chr3	190857972	C	T	GMNC	ENSG00000205835	ENST00000442080			A6NCL1.105			intron_variant	PASS	no_c;no_p
Chernyackeey_TUMOR	chr3	195725704	C	T	MUC20	ENSG00000176945	ENST00000447234	p.S367=	c.1101C>T	Q8N307.142	rs418801	COSV57846992	synonymous_variant	PASS	c_inferred;p_inferred;has_rs;has_other_ids
Chernyackeey_TUMOR	chr3	195779276	G	A	MUC4	ENSG00000145113	ENST00000463781	p.L4102I	c.12304G>A	Q99102.177	rs200473856	COSV57763504,COSV57776852	missense_variant	PASS	c_inferred;p_inferred;has_rs;has_other_ids
Chernyackeey_TUMOR	chr3	195783470	A	G	MUC4	ENSG00000145113	ENST00000463781	p.S2704A	c.8110A>G	Q99102.177	rs747928670	COSV57762847	missense_variant	PASS	c_inferred;p_inferred;has_rs;has_other_ids
Chernyackeey_TUMOR	chr3	196803055	C	A	PAK2	ENSG00000180370	ENST00000327134	p.S109=	c.327C>A	Q13177.234	rs77470308	COSV59079102	synonymous_variant	PASS	c_inferred;p_inferred;has_rs;has_other_ids
Chernyackeey_TUMOR	chr3	196803107	C	T	PAK2	ENSG00000180370	ENST00000327134	p.L127=	c.379C>T	Q13177.234	rs79726945	COSV59079446	synonymous_variant	PASS	c_inferred;p_inferred;has_rs;has_other_ids
Chernyackeey_TUMOR	chr3	196803142	A	G	PAK2	ENSG00000180370	ENST00000327134	p.K138=	c.414A>G	Q13177.234	rs73205842	COSV59079253	synonymous_variant	PASS	c_inferred;p_inferred;has_rs;has_other_ids
Chernyackeey_TUMOR	chr4	3416902	C	G	RGS12	ENSG00000159788	ENST00000336727			O14924.202			splice_polypyrimidine_tract_variant&intron_variant	PASS	no_c;no_p
Chernyackeey_TUMOR	chr4	11399736	G	A	HS3ST1	ENSG00000002587	ENST00000002596	p.F90L	c.270G>A	O14792.172	rs756396298	COSV104980638	synonymous_variant	PASS	c_inferred;p_inferred;has_rs;has_other_ids
Chernyackeey_TUMOR	chr4	25804599	G	A	SEL1L3	ENSG00000091490	ENST00000399878	p.S573Y	c.1718G>A	Q68CR1.140		COSV53542027	missense_variant	PASS	c_inferred;p_inferred;has_other_ids
Chernyackeey_TUMOR	chr4	80583077	G	A	CFAP299	ENSG00000197826	ENST00000358105			Q6V702.119	rs771283632		splice_polypyrimidine_tract_variant&intron_variant	PASS	no_c;no_p;has_rs
Chernyackeey_TUMOR	chr4	113049711	C	T	ANK2	ENSG00000145362	ENST00000357077	p.S20I	c.59C>T	Q01484.232		COSV52186162	5_prime_UTR_variant	PASS	c_inferred;p_inferred;has_other_ids
Chernyackeey_TUMOR	chr4	121037313	T	A	NDNF	ENSG00000173376	ENST00000379692	p.N220=	c.658T>A	Q8TB73.154			missense_variant	PASS	c_inferred;p_inferred
Chernyackeey_TUMOR	chr4	122934567	A	G	AFG2A	ENSG00000145375	ENST00000274008	p.I326V	c.976A>G	Q8NB90.179			missense_variant	PASS	c_inferred;p_inferred
Chernyackeey_TUMOR	chr4	150868269	G	A	LRBA	ENSG00000198589	ENST00000651943	p.S829Y	c.2486G>A	A0A494C1L5		COSV63950094	missense_variant	PASS	c_inferred;p_inferred;uniprot_from_map_enst;has_other_ids
Chernyackeey_TUMOR	chr4	185190317	C	T	CFAP97	ENSG00000164323	ENST00000458385	p.D294Y	c.880C>T	Q9P2B7.133			missense_variant	PASS	c_inferred;p_inferred
Chernyackeey_TUMOR	chr5	1295046	T	G		ENSG00000300381	ENST00000771252				rs878855297	COSV57196893,CR131339	upstream_gene_variant	PASS	no_c;no_p;has_rs;has_other_ids
Chernyackeey_TUMOR	chr5	36953834	A	G	NIPBL	ENSG00000164190	ENST00000282516			Q6KC79.192			intron_variant	PASS	no_c;no_p
Chernyackeey_TUMOR	chr5	38957661	CT	C	RICTOR	ENSG00000164327	ENST00000357387			Q6R327.170	rs2150012306		frameshift_variant	PASS	no_c;no_p;has_rs
Chernyackeey_TUMOR	chr5	40979923	C	T	C7	ENSG00000112936	ENST00000313164			P10643.223			intron_variant	PASS	no_c;no_p
Chernyackeey_TUMOR	chr5	42800929	C	T	CCDC152	ENSG00000198865	ENST00000361970			Q4G0S7.109	rs765165734	COSV100736881,COSV62792245	3_prime_UTR_variant	PASS	no_c;no_p;has_rs;has_other_ids
Chernyackeey_TUMOR	chr5	58617744	G	A	RAB3C	ENSG00000152932	ENST00000282878	p.G42=	c.126G>A	Q96E17.184			synonymous_variant	PASS	c_inferred;p_inferred
Chernyackeey_TUMOR	chr5	59893359	GGGCGGCGGCGGGGGCGGCGGCAGGGGGGGCGGCGGCGGCGGCTGTAGCGGACACTGGGGCTGGGGCTGGGGCGAGGGT	G	PDE4D	ENSG00000113448	ENST00000340635			Q08499.235			inframe_deletion	PASS	no_c;no_p
Chernyackeey_TUMOR	chr5	74834554	C	T	FAM169A	ENSG00000198780	ENST00000687041	p.R121L	c.362C>T	Q9Y6X4.142	rs1748472721	COSV65845876	missense_variant	PASS	c_inferred;p_inferred;has_rs;has_other_ids
Chernyackeey_TUMOR	chr5	81095034	C	T	RASGRF2	ENSG00000113319	ENST00000265080			O14827.186	rs768178438		intron_variant	PASS	no_c;no_p;has_rs
Chernyackeey_TUMOR	chr5	131603207	A	G	RAPGEF6	ENSG00000158987	ENST00000509018			Q8TEU7.192			intron_variant	PASS	no_c;no_p
Chernyackeey_TUMOR	chr5	135852601	C	T	SLC25A48	ENSG00000145832	ENST00000681962	p.A67=	c.201C>T	Q6ZT89.144			synonymous_variant	PASS	c_inferred;p_inferred
Chernyackeey_TUMOR	chr5	141680086	C	T	ARAP3	ENSG00000120318	ENST00000239440	p.R134M	c.401C>T	Q8WWN8.179	rs1377735696		missense_variant	PASS	c_inferred;p_inferred;has_rs
Chernyackeey_TUMOR	chr5	150357820	G	A	TCOF1	ENSG00000070814	ENST00000643257	p.R25H	c.74G>A	Q13428.210			missense_variant	PASS	c_inferred;p_inferred
Chernyackeey_TUMOR	chr5	151347274	G	A	SLC36A2	ENSG00000186335	ENST00000335244			Q495M3.141	rs749690631		intron_variant	PASS	no_c;no_p;has_rs
Chernyackeey_TUMOR	chr5	156954764	G	A	TIMD4	ENSG00000145850	ENST00000274532			Q96H15.153	rs755296193	COSV50857036	splice_region_variant&splice_polypyrimidine_tract_variant&intron_variant	PASS	no_c;no_p;has_rs;has_other_ids
Chernyackeey_TUMOR	chr5	157252611	C	T	ITK	ENSG00000113263	ENST00000422843	p.P599L	c.1796C>T	Q08881.231			missense_variant	PASS	c_inferred;p_inferred
Chernyackeey_TUMOR	chr5	179129986	G	A	ADAMTS2	ENSG00000087116	ENST00000251582	p.D801E	c.2403G>A	O95450.221	rs374315892	COSV52364041	synonymous_variant	PASS	c_inferred;p_inferred;has_rs;has_other_ids
Chernyackeey_TUMOR	chr5	181124423	C	T	OR2V1	ENSG00000185372	ENST00000641551	p.R294S	c.882C>T	Q8NHB1.145			synonymous_variant	PASS	c_inferred;p_inferred
Chernyackeey_TUMOR	chr6	31116693	C	T	PSORS1C1	ENSG00000204540	ENST00000259881			Q9UIG5.147			intron_variant	PASS	no_c;no_p
Chernyackeey_TUMOR	chr6	31116694	C	T	PSORS1C1	ENSG00000204540	ENST00000259881			Q9UIG5.147			intron_variant	PASS	no_c;no_p
Chernyackeey_TUMOR	chr6	32157911	C	T		ENSG00000284954	ENST00000498575						upstream_gene_variant	PASS	no_c;no_p
Chernyackeey_TUMOR	chr6	32745293	A	C	HLA-DQA2	ENSG00000237541	ENST00000374940	p.M73L	c.217A>C	P01906.199	rs200936222	COSV66566480	missense_variant	PASS	c_inferred;p_inferred;has_rs;has_other_ids
Chernyackeey_TUMOR	chr6	36322439	G	A		ENSG00000297259	ENST00000746644						intron_variant&non_coding_transcript_variant	PASS	no_c;no_p
Chernyackeey_TUMOR	chr6	38702911	T	C	GLO1	ENSG00000124767	ENST00000373365			Q04760.225			intron_variant	PASS	no_c;no_p
Chernyackeey_TUMOR	chr6	46638012	C	G	CYP39A1	ENSG00000146233	ENST00000275016			Q9NYL5.184			intron_variant	PASS	no_c;no_p
Chernyackeey_TUMOR	chr6	63864237	C	T	EYS	ENSG00000188107	ENST00000503581	p.D2393Y	c.7177C>T	Q5T1H1.144		COSV107471183,COSV65460007	missense_variant	PASS	c_inferred;p_inferred;has_other_ids
Chernyackeey_TUMOR	chr6	72245785	G	A	RIMS1	ENSG00000079841	ENST00000521978			Q86UR5.200			intron_variant	PASS	no_c;no_p
Chernyackeey_TUMOR	chr6	73363287	G	A	KHDC3L	ENSG00000203908	ENST00000370367			Q587J8.124		COSV64869620	intron_variant	PASS	no_c;no_p;has_other_ids
Chernyackeey_TUMOR	chr6	76041972	G	A	IMPG1	ENSG00000112706	ENST00000369950	p.F74L	c.222G>A	Q17R60.126	rs780783100	COSV64053839	synonymous_variant	PASS	c_inferred;p_inferred;has_rs;has_other_ids
Chernyackeey_TUMOR	chr6	107044369	C	T	MTRES1	ENSG00000130349	ENST00000311381			Q9P0P8.147	rs200056041		intron_variant	PASS	no_c;no_p;has_rs
Chernyackeey_TUMOR	chr6	123316451	C	T	TRDN	ENSG00000186439	ENST00000334268			Q13061.171			splice_donor_region_variant&intron_variant	PASS	no_c;no_p
Chernyackeey_TUMOR	chr6	152395608	C	T	SYNE1	ENSG00000131018	ENST00000367255	p.T2540=	c.7620C>T	Q8NF91.208	rs142663488	COSV99565400	synonymous_variant	PASS	c_inferred;p_inferred;has_rs;has_other_ids
Chernyackeey_TUMOR	chr6	160249345	C	T	SLC22A2	ENSG00000112499	ENST00000366953	p.G238V	c.713C>T	O15244.190		COSV104673640	missense_variant	PASS	c_inferred;p_inferred;has_other_ids
Chernyackeey_TUMOR	chr6	170290122	C	T	DLL1	ENSG00000198719	ENST00000366756	p.A6=	c.18C>T	O00548.209			synonymous_variant	PASS	c_inferred;p_inferred
Chernyackeey_TUMOR	chr7	7358820	G	A	COL28A1	ENSG00000215018	ENST00000399429			Q2UY09.147	rs1052892026		splice_polypyrimidine_tract_variant&intron_variant	PASS	no_c;no_p;has_rs
Chernyackeey_TUMOR	chr7	19725702	G	A	TMEM196	ENSG00000173452	ENST00000405844	p.R91=	c.271G>A	B7WNR7	rs769909113	COSV68254430	missense_variant	PASS	c_inferred;p_inferred;uniprot_from_map_enst;has_rs;has_other_ids
Chernyackeey_TUMOR	chr7	28488214	C	T	CREB5	ENSG00000146592	ENST00000357727	p.P15S	c.43C>T	Q02930.198	rs1011841644	COSV63217904	missense_variant	PASS	c_inferred;p_inferred;has_rs;has_other_ids
Chernyackeey_TUMOR	chr7	39451612	C	T	POU6F2	ENSG00000106536	ENST00000518318	p.S467F	c.1400C>T	A0A6E1XZL4			missense_variant	PASS	c_inferred;p_inferred;uniprot_from_map_enst
Chernyackeey_TUMOR	chr7	44001109	G	A	POLR2J4	ENSG00000290758	ENST00000427076					COSV105102619	intron_variant&non_coding_transcript_variant	PASS	no_c;no_p;has_other_ids
Chernyackeey_TUMOR	chr7	44516994	G	A	NPC1L1	ENSG00000015520	ENST00000381160			A0A0C4DFX6			intron_variant	PASS	uniprot_from_map_enst;no_c;no_p
Chernyackeey_TUMOR	chr7	44834532	A	G	H2AZ2	ENSG00000105968	ENST00000308153	p.I119S	c.356A>G	Q71UI9.174	rs114398265	COSV56062083	missense_variant	PASS	c_inferred;p_inferred;has_rs;has_other_ids
Chernyackeey_TUMOR	chr7	47866621	G	A	PKD1L1	ENSG00000158683	ENST00000289672			Q8TDX9.175		COSV56960485	splice_region_variant&splice_polypyrimidine_tract_variant&intron_variant	PASS	no_c;no_p;has_other_ids
Chernyackeey_TUMOR	chr7	50479717	G	A	DDC	ENSG00000132437	ENST00000444124			P20711.217	rs2042724713		intron_variant	PASS	no_c;no_p;has_rs
Chernyackeey_TUMOR	chr7	54550078	C	A	VSTM2A	ENSG00000170419	ENST00000402613	p.P181H	c.542C>A	F8W8J5	rs2115815065		missense_variant	PASS	c_inferred;p_inferred;uniprot_from_map_enst;has_rs
Chernyackeey_TUMOR	chr7	64707571	C	T	ZNF107	ENSG00000196247	ENST00000620827	p.R492*	c.1474C>T	A0A0B4J2G0	rs375727539	COSV61331777	stop_gained	PASS	c_inferred;p_inferred;uniprot_from_map_enst;has_rs;has_other_ids
Chernyackeey_TUMOR	chr7	67067307	G	C	TYW1	ENSG00000198874	ENST00000359626	p.G393A	c.1178G>C	Q9NV66.160	rs1562994342	COSV62755472	missense_variant	PASS	c_inferred;p_inferred;has_rs;has_other_ids
Chernyackeey_TUMOR	chr7	76005227	G	A	STYXL1	ENSG00000127952	ENST00000359697			Q9Y6J8.181			intron_variant	PASS	no_c;no_p
Chernyackeey_TUMOR	chr7	76066283	A	G	MDH2	ENSG00000146701	ENST00000315758	p.K297R	c.890A>G	P40926.226		COSV59883723,COSV59884278	missense_variant	PASS	c_inferred;p_inferred;has_other_ids
Chernyackeey_TUMOR	chr7	87807444	C	T	RUNDC3B	ENSG00000105784	ENST00000394654	p.S343F	c.1028C>T	Q96NL0.135			missense_variant	PASS	c_inferred;p_inferred
Chernyackeey_TUMOR	chr7	100858830	C	T	SLC12A9	ENSG00000146828	ENST00000354161			Q9BXP2.162			splice_region_variant&splice_polypyrimidine_tract_variant&intron_variant	PASS	no_c;no_p
Chernyackeey_TUMOR	chr7	100957395	T	C	MUC3A	ENSG00000169894	ENST00000379458	p.L1872=	c.5616T>C	Q02505.165	rs1309166352		synonymous_variant	PASS	c_inferred;p_inferred;has_rs
Chernyackeey_TUMOR	chr7	100957406	C	G	MUC3A	ENSG00000169894	ENST00000379458	p.S1876C	c.5627C>G	Q02505.165	rs1170076664		missense_variant	PASS	c_inferred;p_inferred;has_rs
Chernyackeey_TUMOR	chr7	101130398	C	T	SERPINE1	ENSG00000106366	ENST00000223095			P05121.252	rs773381626		intron_variant	PASS	no_c;no_p;has_rs
Chernyackeey_TUMOR	chr7	101156614	C	T	MIR4653	ENSG00000264425	ENST00000585107						upstream_gene_variant	PASS	no_c;no_p
Chernyackeey_TUMOR	chr7	103989353	C	T	RELN	ENSG00000189056	ENST00000428762	p.E2*	c.4C>T	P78509.208			missense_variant	PASS	c_inferred;p_inferred
Chernyackeey_TUMOR	chr7	120951122	C	T	ING3	ENSG00000071243	ENST00000315870			Q9NXR8.191		COSV59243340	intron_variant	PASS	no_c;no_p;has_other_ids
Chernyackeey_TUMOR	chr7	132241183	G	T	PLXNA4	ENSG00000221866	ENST00000321063			Q9HCM2.174			splice_polypyrimidine_tract_variant&intron_variant	PASS	no_c;no_p
Chernyackeey_TUMOR	chr7	135606946	C	T	NUP205	ENSG00000155561	ENST00000285968			Q92621.186			intron_variant	PASS	no_c;no_p
Chernyackeey_TUMOR	chr7	140753336	A	T	BRAF	ENSG00000157764	ENST00000646891	p.V600=	c.1799A>T	P15056.259	rs113488022	CM112509,COSV56056643,COSV56065204,COSV56080151	missense_variant	PASS	c_inferred;p_inferred;has_rs;has_other_ids
Chernyackeey_TUMOR	chr7	141790569	C	T	TAS2R5	ENSG00000127366	ENST00000247883	p.P70S	c.208C>T	Q9NYW4.165	rs1800431397	COSV56094389	missense_variant	PASS	c_inferred;p_inferred;has_rs;has_other_ids
Chernyackeey_TUMOR	chr7	142030394	T	G	MGAM	ENSG00000257335	ENST00000475668	p.D418E	c.1254T>G	O43451.196			missense_variant	PASS	c_inferred;p_inferred
Chernyackeey_TUMOR	chr7	142034837	C	A	MGAM	ENSG00000257335	ENST00000475668	p.P652Q	c.1955C>A	O43451.196		COSV72074504	missense_variant	PASS	c_inferred;p_inferred;has_other_ids
Chernyackeey_TUMOR	chr7	143323283	C	T	CLCN1	ENSG00000188037	ENST00000343257			P35523.214			intron_variant	PASS	no_c;no_p
Chernyackeey_TUMOR	chr7	148229755	C	T	CNTNAP2	ENSG00000174469	ENST00000361727	p.R1119=	c.3357C>T	Q9UHC6.215	rs756005016		synonymous_variant	PASS	c_inferred;p_inferred;has_rs
Chernyackeey_TUMOR	chr7	150627850	C	G	GIMAP6	ENSG00000133561	ENST00000328902	p.E250=	c.748C>G	Q6P9H5.142		COSV61032590	missense_variant	PASS	c_inferred;p_inferred;has_other_ids
Chernyackeey_TUMOR	chr7	152248016	G	C	KMT2C	ENSG00000055609	ENST00000262189	p.S806=	c.2418G>C	Q8NEZ4.203	rs3896406	COSV51275152	synonymous_variant	PASS	c_inferred;p_inferred;has_rs;has_other_ids
Chernyackeey_TUMOR	chr8	19844243	C	G	INTS10	ENSG00000104613	ENST00000397977			Q9NVR2.167			splice_donor_5th_base_variant&intron_variant	PASS	no_c;no_p
Chernyackeey_TUMOR	chr8	37837768	C	T	ADGRA2	ENSG00000020181	ENST00000412232	p.A696=	c.2088C>T	Q96PE1.190	rs139204043		synonymous_variant	PASS	c_inferred;p_inferred;has_rs
Chernyackeey_TUMOR	chr8	39610480	C	T	ADAM18	ENSG00000168619	ENST00000265707			Q9Y3Q7.189			intron_variant	PASS	no_c;no_p
Chernyackeey_TUMOR	chr8	73421498	G	A		ENSG00000302694	ENST00000788941						downstream_gene_variant	PASS	no_c;no_p
Chernyackeey_TUMOR	chr8	90078368	C	T	CALB1	ENSG00000104327	ENST00000265431			P05937.207		COSV55367692	splice_donor_5th_base_variant&intron_variant	PASS	no_c;no_p;has_other_ids
Chernyackeey_TUMOR	chr8	109490002	T	C	PKHD1L1	ENSG00000205038	ENST00000378402	p.F3311L	c.9931T>C	Q86WI1.144	rs1298439182		missense_variant	PASS	c_inferred;p_inferred;has_rs
Chernyackeey_TUMOR	chr8	132906740	C	T	TG	ENSG00000042832	ENST00000220616	p.I1229=	c.3687C>T	P01266.234			synonymous_variant	PASS	c_inferred;p_inferred
Chernyackeey_TUMOR	chr8	134512449	G	A	ZFAT	ENSG00000066827	ENST00000377838			Q9P243.190			intron_variant	PASS	no_c;no_p
Chernyackeey_TUMOR	chr8	134512450	G	A	ZFAT	ENSG00000066827	ENST00000377838			Q9P243.190			intron_variant	PASS	no_c;no_p
Chernyackeey_TUMOR	chr8	142665337	G	A	JRK	ENSG00000234616	ENST00000612905	p.P241H	c.722G>A	O75564.151	rs35436748		missense_variant	PASS	c_inferred;p_inferred;has_rs
Chernyackeey_TUMOR	chr8	143839210	G	A	NRBP2	ENSG00000185189	ENST00000442628			Q9NSY0.169			splice_polypyrimidine_tract_variant&intron_variant	PASS	no_c;no_p
Chernyackeey_TUMOR	chr8	143859341	TC	CG		ENSG00000305900	ENST00000813856						intron_variant&non_coding_transcript_variant	PASS	no_c;no_p
Chernyackeey_TUMOR	chr8	143859347	C	T		ENSG00000305900	ENST00000813856				rs1462271856		intron_variant&non_coding_transcript_variant	PASS	no_c;no_p;has_rs
Chernyackeey_TUMOR	chr8	144247255	C	T	MROH1	ENSG00000179832	ENST00000326134			Q8NDA8.157			intron_variant	PASS	no_c;no_p
Chernyackeey_TUMOR	chr9	14801811	G	A	FREM1	ENSG00000164946	ENST00000380880	p.P1179T	c.3535G>A	Q5H8C1.170	rs1381393162		missense_variant	PASS	c_inferred;p_inferred;has_rs
Chernyackeey_TUMOR	chr9	21971097	C	T	CDKN2A-AS1	ENSG00000224854	ENST00000731046				rs121913384	CM034218,CM095540,COSV58683071,COSV58683670	downstream_gene_variant	PASS	no_c;no_p;has_rs;has_other_ids
Chernyackeey_TUMOR	chr9	21971098	C	T	CDKN2A	ENSG00000147889	ENST00000304494	p.R87=	c.261C>T	P42771.242	rs546300971	COSV58701366	synonymous_variant	PASS	c_inferred;p_inferred;has_rs;has_other_ids
Chernyackeey_TUMOR	chr9	21971149	GGGCTCCGCGCCGTGGAGCAGCAGC	G	CDKN2A	ENSG00000147889	ENST00000304494			P42771.242			inframe_deletion	PASS	no_c;no_p
Chernyackeey_TUMOR	chr9	68303711	G	C		ENSG00000300460	ENST00000771981				rs201219160		intron_variant&non_coding_transcript_variant	PASS	no_c;no_p;has_rs
Chernyackeey_TUMOR	chr9	68303716	C	G	ZNG1C	ENSG00000196873	ENST00000360171			Q5JTY5.129	rs201851681		downstream_gene_variant	PASS	no_c;no_p;has_rs
Chernyackeey_TUMOR	chr9	81947953	GGAAGCCCATATTAAATCTTTCCATAT	G	SPATA31D3	ENSG00000186788	ENST00000445385			P0C874.86	rs1442841022		frameshift_variant	PASS	no_c;no_p;has_rs
Chernyackeey_TUMOR	chr9	121107831	GA	G	CNTRL	ENSG00000119397	ENST00000373855			Q7Z7A1.168	rs750317819		frameshift_variant	PASS	no_c;no_p;has_rs
Chernyackeey_TUMOR	chr9	128276135	G	A	GOLGA2	ENSG00000167110	ENST00000611957			A0A8J9BZL8	rs1831350483	COSV60792072	upstream_gene_variant	PASS	uniprot_from_map_enst;no_c;no_p;has_rs;has_other_ids
Chernyackeey_TUMOR	chr9	136199025	G	T	LHX3	ENSG00000107187	ENST00000371748	p.T163=	c.489G>T	Q9UBR4.203	rs373260738		synonymous_variant	PASS	c_inferred;p_inferred;has_rs
Chernyackeey_TUMOR	chr9	136200739	C	T	LHX3	ENSG00000107187	ENST00000371748	p.A32S	c.94C>T	Q9UBR4.203	rs201187873	COSV65582566	missense_variant	PASS	c_inferred;p_inferred;has_rs;has_other_ids
Chernyackeey_TUMOR	chr10	49115381	G	C	VSTM4	ENSG00000165633	ENST00000332853			Q8IW00.158	rs2132035886		intron_variant	PASS	no_c;no_p;has_rs
Chernyackeey_TUMOR	chr10	68122315	G	A	MYPN	ENSG00000138347	ENST00000358913	p.V293I	c.877G>A	Q86TC9.164	rs2042258437		missense_variant	PASS	c_inferred;p_inferred;has_rs
Chernyackeey_TUMOR	chr10	68493558	A	G	SLC25A16	ENSG00000122912	ENST00000609923	p.V145G	c.434A>G	P16260.198			missense_variant	PASS	c_inferred;p_inferred
Chernyackeey_TUMOR	chr10	72213276	A	G	ANAPC16	ENSG00000166295	ENST00000299381			Q96DE5.152			upstream_gene_variant	PASS	no_c;no_p
Chernyackeey_TUMOR	chr10	97266086	G	A	ARHGAP19	ENSG00000213390	ENST00000358531	p.S32=	c.96G>A	Q14CB8.138		COSV57396753	synonymous_variant	PASS	c_inferred;p_inferred;has_other_ids
Chernyackeey_TUMOR	chr10	97393822	G	A	RRP12	ENSG00000052749	ENST00000370992			Q5JTH9.183			intron_variant	PASS	no_c;no_p
Chernyackeey_TUMOR	chr10	122050543	G	A	TACC2	ENSG00000138162	ENST00000369005	p.A47T	c.139G>A	O95359.192	rs780126824		missense_variant	PASS	c_inferred;p_inferred;has_rs
Chernyackeey_TUMOR	chr11	1189061	G	A	MUC5AC	ENSG00000215182	ENST00000621226	p.G3639E	c.10916G>A	P98088.199	rs1861020509		missense_variant	PASS	c_inferred;p_inferred;has_rs
Chernyackeey_TUMOR	chr11	7089435	G	A	RBMXL2	ENSG00000170748	ENST00000306904	p.P105=	c.315G>A	O75526.161	rs761893439	COSV60979354	synonymous_variant	PASS	c_inferred;p_inferred;has_rs;has_other_ids
Chernyackeey_TUMOR	chr11	7938895	A	G	OR10A3	ENSG00000170683	ENST00000642047	p.V209G	c.626A>G	P58181.167			missense_variant	PASS	c_inferred;p_inferred
Chernyackeey_TUMOR	chr11	15221537	C	T		ENSG00000309355	ENST00000840481				rs368059339	COSV65412676	downstream_gene_variant	PASS	no_c;no_p;has_rs;has_other_ids
Chernyackeey_TUMOR	chr11	17407383	C	T	ABCC8	ENSG00000006071	ENST00000389817	p.G964V	c.2891C>T	Q09428.230			missense_variant	PASS	c_inferred;p_inferred
Chernyackeey_TUMOR	chr11	18401013	G	T		ENSG00000256006	ENST00000496975						upstream_gene_variant	PASS	no_c;no_p
Chernyackeey_TUMOR	chr11	20036073	C	T	NAV2	ENSG00000166833	ENST00000349880	p.S961=	c.2883C>T	Q8IVL1.162	rs1211781729	COSV60662634	synonymous_variant	PASS	c_inferred;p_inferred;has_rs;has_other_ids
Chernyackeey_TUMOR	chr11	27472219	G	C	LGR4	ENSG00000205213	ENST00000379214	p.L28=	c.84G>C	Q9BXB1.183			synonymous_variant	PASS	c_inferred;p_inferred
Chernyackeey_TUMOR	chr11	57317895	G	A	TNKS1BP1	ENSG00000149115	ENST00000358252			Q9C0C2.189			splice_region_variant&splice_polypyrimidine_tract_variant&intron_variant	PASS	no_c;no_p
Chernyackeey_TUMOR	chr11	57317896	G	A	TNKS1BP1	ENSG00000149115	ENST00000358252			Q9C0C2.189	rs1855822172		splice_polypyrimidine_tract_variant&intron_variant	PASS	no_c;no_p;has_rs
Chernyackeey_TUMOR	chr11	58528168	G	A	LPXN	ENSG00000110031	ENST00000395074	p.P256T	c.766G>A	O60711.199			missense_variant	PASS	c_inferred;p_inferred
Chernyackeey_TUMOR	chr11	60767532	G	A	MS4A15	ENSG00000166961	ENST00000405633			Q8N5U1.131			splice_acceptor_variant	PASS	no_c;no_p
Chernyackeey_TUMOR	chr11	62983976	G	A	SLC22A6	ENSG00000197901	ENST00000360421	p.L147=	c.441G>A	Q4U2R8.166	rs770298747		synonymous_variant	PASS	c_inferred;p_inferred;has_rs
Chernyackeey_TUMOR	chr11	64901928	G	A		ENSG00000308350	ENST00000833458						downstream_gene_variant	PASS	no_c;no_p
Chernyackeey_TUMOR	chr11	66643892	AGCTGCTGCTGCAGCAGCAGCC	A	RBM4	ENSG00000173933	ENST00000310092			Q9BWF3.198	rs760467887		inframe_deletion	PASS	no_c;no_p;has_rs
Chernyackeey_TUMOR	chr11	72585605	G	A	PDE2A-AS2	ENSG00000256633	ENST00000545254				rs1287051782		intron_variant&non_coding_transcript_variant	PASS	no_c;no_p;has_rs
Chernyackeey_TUMOR	chr11	77901625	T	G	INTS4	ENSG00000149262	ENST00000534064			Q96HW7.157			intron_variant	PASS	no_c;no_p
Chernyackeey_TUMOR	chr11	78109479	G	A	ALG8	ENSG00000159063	ENST00000299626	p.P334H	c.1001G>A	Q9BVK2.189			missense_variant	PASS	c_inferred;p_inferred
Chernyackeey_TUMOR	chr11	85655727	T	G	CREBZF	ENSG00000137504	ENST00000527447			Q9NS37.173			downstream_gene_variant	PASS	no_c;no_p
Chernyackeey_TUMOR	chr11	94306608	C	T	IZUMO1R	ENSG00000183560	ENST00000687084	p.H78=	c.234C>T	A6ND01.108			synonymous_variant	PASS	c_inferred;p_inferred
Chernyackeey_TUMOR	chr11	104037922	C	G		ENSG00000300441	ENST00000771685						intron_variant&non_coding_transcript_variant	PASS	no_c;no_p
Chernyackeey_TUMOR	chr11	120447965	C	T	ARHGEF12	ENSG00000196914	ENST00000397843			Q9NZN5.198			intron_variant	PASS	no_c;no_p
Chernyackeey_TUMOR	chr11	124441066	G	A	OR8B8	ENSG00000197125	ENST00000642064	p.S7Y	c.20G>A	Q15620.180		COSV60144029	missense_variant	PASS	c_inferred;p_inferred;has_other_ids
Chernyackeey_TUMOR	chr11	124611676	C	T	PANX3	ENSG00000154143	ENST00000284288	p.F40=	c.120C>T	Q96QZ0.149	rs540194112	COSV52511866	synonymous_variant	PASS	c_inferred;p_inferred;has_rs;has_other_ids
Chernyackeey_TUMOR	chr12	220947	C	T	SLC6A13	ENSG00000010379	ENST00000343164			Q9NSD5.176			3_prime_UTR_variant	PASS	no_c;no_p
Chernyackeey_TUMOR	chr12	7403841	C	T	CD163L1	ENSG00000177675	ENST00000313599	p.E368*	c.1102C>T	Q9NR16.163	rs772541831	COSV107375560	missense_variant	PASS	c_inferred;p_inferred;has_rs;has_other_ids
Chernyackeey_TUMOR	chr12	7487907	C	T	CD163	ENSG00000177575	ENST00000432237	p.G534V	c.1601C>T	Q86VB7.162		COSV100776196,COSV63129860	missense_variant	PASS	c_inferred;p_inferred;has_other_ids
Chernyackeey_TUMOR	chr12	7690185	A	T	GDF3	ENSG00000184344	ENST00000329913	p.L263=	c.788A>T	Q9NR23.176		COSV100325212,COSV100325339	missense_variant	PASS	c_inferred;p_inferred;has_other_ids
Chernyackeey_TUMOR	chr12	9202336	G	A	PZP	ENSG00000126838	ENST00000261336	p.R155S	c.463G>A	P20742.197	rs773631099	COSV54355105,COSV54366093	missense_variant	PASS	c_inferred;p_inferred;has_rs;has_other_ids
Chernyackeey_TUMOR	chr12	13562982	G	T	GRIN2B	ENSG00000273079	ENST00000609686	p.P1419L	c.4256G>T	Q13224.223		COSV105383856	missense_variant	PASS	c_inferred;p_inferred;has_other_ids
Chernyackeey_TUMOR	chr12	15502048	C	T	PTPRO	ENSG00000151490	ENST00000281171	p.H364Y	c.1090C>T	Q16827.208		COSV55521756	missense_variant	PASS	c_inferred;p_inferred;has_other_ids
Chernyackeey_TUMOR	chr12	31098059	G	T	DDX11	ENSG00000013573	ENST00000542838			Q96FC9.183			intron_variant	PASS	no_c;no_p
Chernyackeey_TUMOR	chr12	51379237	C	T	GALNT6	ENSG00000139629	ENST00000356317			Q8NCL4.164			intron_variant	PASS	no_c;no_p
Chernyackeey_TUMOR	chr12	52173207	C	G	LINC00592	ENSG00000258279	ENST00000640420						intron_variant&non_coding_transcript_variant	PASS	no_c;no_p
Chernyackeey_TUMOR	chr12	52491237	G	A	KRT6A	ENSG00000205420	ENST00000330722			P02538.221			intron_variant	PASS	no_c;no_p
Chernyackeey_TUMOR	chr12	52904915	G	A		ENSG00000303417	ENST00000794347				rs201807576	COSV53175937	non_coding_transcript_exon_variant	PASS	no_cds_for_enst;no_c;no_p;has_rs;has_other_ids
Chernyackeey_TUMOR	chr12	54535230	A	T	NCKAP1L	ENSG00000123338	ENST00000293373			P55160.171			intron_variant	PASS	no_c;no_p
Chernyackeey_TUMOR	chr12	55493351	C	T	OR6C68	ENSG00000205327	ENST00000548615			A6NDL8.122			downstream_gene_variant	PASS	no_c;no_p
Chernyackeey_TUMOR	chr12	57078704	A	G	NEMP1	ENSG00000166881	ENST00000300128	p.G14=	c.42A>G	O14524.166			synonymous_variant	PASS	c_inferred;p_inferred
Chernyackeey_TUMOR	chr12	70559556	C	A		ENSG00000299164	ENST00000761347						intron_variant&non_coding_transcript_variant	PASS	no_c;no_p
Chernyackeey_TUMOR	chr12	88506327	C	T	KITLG	ENSG00000049130	ENST00000644744	p.E256*	c.766C>T	P21583.205	rs1869058198		missense_variant	PASS	c_inferred;p_inferred;has_rs
Chernyackeey_TUMOR	chr12	101312218	C	T	UTP20	ENSG00000120800	ENST00000261637	p.P832S	c.2494C>T	O75691.181		COSV99881760	missense_variant	PASS	c_inferred;p_inferred;has_other_ids
Chernyackeey_TUMOR	chr12	108702806	C	T	CORO1C	ENSG00000110880	ENST00000261401			Q9ULV4.205	rs1246949594		intron_variant	PASS	no_c;no_p;has_rs
Chernyackeey_TUMOR	chr12	109904729	C	T	TCHP	ENSG00000139437	ENST00000405876			Q9BT92.157			splice_region_variant&splice_polypyrimidine_tract_variant&intron_variant	PASS	no_c;no_p
Chernyackeey_TUMOR	chr12	119117002	G	A		ENSG00000257095	ENST00000537730				rs771801140	COSV57414263	upstream_gene_variant	PASS	no_c;no_p;has_rs;has_other_ids
Chernyackeey_TUMOR	chr12	124354488	G	A	NCOR2	ENSG00000196498	ENST00000405201	p.S1193=	c.3579G>A	Q9Y618.238	rs774389126		synonymous_variant	PASS	c_inferred;p_inferred;has_rs
Chernyackeey_TUMOR	chr13	24478255	G	T	PARP4	ENSG00000102699	ENST00000381989	p.H490=	c.1470G>T	Q9UKK3.209	rs79107024	COSV67960893	missense_variant	PASS	c_inferred;p_inferred;has_rs;has_other_ids
Chernyackeey_TUMOR	chr13	40560044	C	A	FOXO1	ENSG00000150907	ENST00000379561	p.G483R	c.1447C>A	Q12778.231			missense_variant	PASS	c_inferred;p_inferred
Chernyackeey_TUMOR	chr13	50934898	C	T	RNASEH2B	ENSG00000136104	ENST00000336617	p.P112L	c.335C>T	Q5TBB1.150			missense_variant	PASS	c_inferred;p_inferred
Chernyackeey_TUMOR	chr13	113548467	C	T	TMCO3	ENSG00000150403	ENST00000434316			Q6UWJ1.140	rs775885049		intron_variant	PASS	no_c;no_p;has_rs
Chernyackeey_TUMOR	chr13	113633840	C	T	TFDP1	ENSG00000198176	ENST00000375370			Q14186.212			intron_variant	PASS	no_c;no_p
Chernyackeey_TUMOR	chr13	113633841	C	T	TFDP1	ENSG00000198176	ENST00000375370			Q14186.212			intron_variant	PASS	no_c;no_p
Chernyackeey_TUMOR	chr14	23522149	G	A	ZFHX2	ENSG00000136367	ENST00000419474	p.A2511D	c.7532G>A	Q9C0A1.179			missense_variant	PASS	c_inferred;p_inferred
Chernyackeey_TUMOR	chr14	32092289	C	T	ARHGAP5	ENSG00000100852	ENST00000345122	p.S540=	c.1620C>T	Q13017.198		COSV61534081	synonymous_variant	PASS	c_inferred;p_inferred;has_other_ids
Chernyackeey_TUMOR	chr14	36711280	G	A	SLC25A21	ENSG00000183032	ENST00000331299			Q9BQT8.166	rs1883849791		intron_variant	PASS	no_c;no_p;has_rs
Chernyackeey_TUMOR	chr14	61530493	T	C	PRKCH	ENSG00000027075	ENST00000332981	p.P553=	c.1659T>C	P24723.224			synonymous_variant	PASS	c_inferred;p_inferred
Chernyackeey_TUMOR	chr14	64282651	G	A	ESR2	ENSG00000140009	ENST00000341099	p.S112*	c.335G>A	Q92731.247	rs141516067	COSV50828538,COSV99962973	missense_variant	PASS	c_inferred;p_inferred;has_rs;has_other_ids
Chernyackeey_TUMOR	chr14	77377348	C	T	TMED8	ENSG00000100580	ENST00000216468			Q6PL24.144			upstream_gene_variant	PASS	no_c;no_p
Chernyackeey_TUMOR	chr14	77512281	G	A	SPTLC2	ENSG00000100596	ENST00000216484			O15270.203			3_prime_UTR_variant	PASS	no_c;no_p
Chernyackeey_TUMOR	chr14	103707148	C	T	XRCC3	ENSG00000126215	ENST00000555055	p.P87=	c.261C>T	O43542.192	rs374354789		synonymous_variant	PASS	c_inferred;p_inferred;has_rs
Chernyackeey_TUMOR	chr15	29114061	T	G	APBA2	ENSG00000034053	ENST00000683413			Q99767.193			intron_variant	PASS	no_c;no_p
Chernyackeey_TUMOR	chr15	33151390	A	C	FMN1	ENSG00000248905	ENST00000616417			Q68DA7.143			intron_variant	PASS	no_c;no_p
Chernyackeey_TUMOR	chr15	33854823	T	G		ENSG00000259287	ENST00000560268						downstream_gene_variant	PASS	no_c;no_p
Chernyackeey_TUMOR	chr15	34245876	G	A	SLC12A6	ENSG00000140199	ENST00000354181			Q9UHW9.211	rs1486840290		splice_polypyrimidine_tract_variant&intron_variant	PASS	no_c;no_p;has_rs
Chernyackeey_TUMOR	chr15	40208802	A	G	BUB1B	ENSG00000156970	ENST00000287598			O60566.224			intron_variant	PASS	no_c;no_p
Chernyackeey_TUMOR	chr15	43600801	C	T	STRC	ENSG00000242866	ENST00000450892			Q7RTU9.146			intron_variant	PASS	no_c;no_p
Chernyackeey_TUMOR	chr15	48244736	C	T	SLC12A1	ENSG00000074803	ENST00000380993			Q13621.203			splice_polypyrimidine_tract_variant&intron_variant	PASS	no_c;no_p
Chernyackeey_TUMOR	chr15	48755830	G	A	CEP152	ENSG00000103995	ENST00000380950			O94986.175	rs1482954897		intron_variant	PASS	no_c;no_p;has_rs
Chernyackeey_TUMOR	chr15	49901239	C	T	ATP8B4	ENSG00000104043	ENST00000284509	p.R714S	c.2142C>T	Q8TF62.178	rs926314880		splice_region_variant&synonymous_variant	PASS	c_inferred;p_inferred;has_rs
Chernyackeey_TUMOR	chr15	50498939	G	A	USP50	ENSG00000170236	ENST00000532404			Q70EL3.135			downstream_gene_variant	PASS	no_c;no_p
Chernyackeey_TUMOR	chr15	52609943	C	T	ATOSA	ENSG00000047346	ENST00000619572	p.G324V	c.971C>T	Q32MH5.118			missense_variant	PASS	c_inferred;p_inferred
Chernyackeey_TUMOR	chr15	58542017	C	T	LIPC	ENSG00000166035	ENST00000299022			P11150.229			intron_variant	PASS	no_c;no_p
Chernyackeey_TUMOR	chr15	65756402	C	T	DENND4A	ENSG00000174485	ENST00000443035	p.G17*	c.49C>T	A0A7I2RAZ6			missense_variant	PASS	c_inferred;p_inferred;uniprot_from_map_enst
Chernyackeey_TUMOR	chr15	71848872	G	T	MYO9A	ENSG00000066933	ENST00000356056	p.T2270=	c.6810G>T	B2RTY4.138		COSV100613698,COSV106506915,COSV61860165	synonymous_variant	PASS	c_inferred;p_inferred;has_other_ids
Chernyackeey_TUMOR	chr15	74035891	C	T	PML	ENSG00000140464	ENST00000268058			P29590.261	rs895664009		intron_variant	PASS	no_c;no_p;has_rs
Chernyackeey_TUMOR	chr15	81372514	C	T	TMC3-AS1	ENSG00000259343	ENST00000829087				rs143605409		intron_variant&non_coding_transcript_variant	PASS	no_c;no_p;has_rs
Chernyackeey_TUMOR	chr15	82345003	C	G	GOLGA6L10	ENSG00000278662	ENST00000610657	p.C286=	c.857C>G	A6NI86.99	rs1188301000		missense_variant	PASS	c_inferred;p_inferred;has_rs
Chernyackeey_TUMOR	chr15	99131822	G	A	TTC23	ENSG00000103852	ENST00000394132			Q5W5X9.145	rs782699332	COSV50442824	downstream_gene_variant	PASS	no_c;no_p;has_rs;has_other_ids
Chernyackeey_TUMOR	chr15	99131823	G	A	SYNM	ENSG00000182253	ENST00000336292	p.G1155R	c.3463G>A	O15061.178			missense_variant	PASS	c_inferred;p_inferred
Chernyackeey_TUMOR	chr16	1206064	G	A	CACNA1H	ENSG00000196557	ENST00000348261			O95180.208	rs1968666346		intron_variant	PASS	no_c;no_p;has_rs
Chernyackeey_TUMOR	chr16	1446688	G	A		ENSG00000261641	ENST00000566287				rs373814247		downstream_gene_variant	PASS	no_c;no_p;has_rs
Chernyackeey_TUMOR	chr16	2071898	C	T	TSC2	ENSG00000103197	ENST00000219476	p.S687=	c.2061C>T	P49815.239	rs1596344926	CD994024	synonymous_variant	PASS	c_inferred;p_inferred;has_rs;has_other_ids
Chernyackeey_TUMOR	chr16	2473811	C	T	NTN3	ENSG00000162068	ENST00000293973	p.F483=	c.1449C>T	O00634.178	rs771336344		synonymous_variant	PASS	c_inferred;p_inferred;has_rs
Chernyackeey_TUMOR	chr16	2967881	C	T	PKMYT1	ENSG00000127564	ENST00000262300			Q99640.203	rs1334316122	COSV99234016	downstream_gene_variant	PASS	no_c;no_p;has_rs;has_other_ids
Chernyackeey_TUMOR	chr16	14765321	C	T	PLA2G10EP	ENSG00000255037	ENST00000528546						downstream_gene_variant	PASS	no_c;no_p
Chernyackeey_TUMOR	chr16	23700526	C	T		ENSG00000278912	ENST00000624143						upstream_gene_variant	PASS	no_c;no_p
Chernyackeey_TUMOR	chr16	24361646	C	T	CACNG3	ENSG00000006116	ENST00000005284	p.S244F	c.731C>T	O60359.177	rs867196696	COSV50068506	missense_variant	PASS	c_inferred;p_inferred;has_rs;has_other_ids
Chernyackeey_TUMOR	chr16	24943776	G	A	ARHGAP17	ENSG00000140750	ENST00000289968	p.P443H	c.1328G>A	Q68EM7.165		COSV99253794	missense_variant	PASS	c_inferred;p_inferred;has_other_ids
Chernyackeey_TUMOR	chr16	28884673	G	A		ENSG00000252461	ENST00000516652						upstream_gene_variant	PASS	no_c;no_p
Chernyackeey_TUMOR	chr16	29979291	C	T	TAOK2	ENSG00000149930	ENST00000308893	p.F182=	c.546C>T	Q9UL54.196	rs764993691		synonymous_variant	PASS	c_inferred;p_inferred;has_rs
Chernyackeey_TUMOR	chr16	30728963	C	T	SRCAP	ENSG00000080603	ENST00000262518			Q6ZRS2.170			splice_region_variant&splice_polypyrimidine_tract_variant&intron_variant	PASS	no_c;no_p
Chernyackeey_TUMOR	chr16	31413168	G	A	ITGAD	ENSG00000156886	ENST00000389202	p.E640K	c.1918G>A	Q13349.196	rs2081779987		missense_variant	PASS	c_inferred;p_inferred;has_rs
Chernyackeey_TUMOR	chr16	57526021	C	T	CCDC102A	ENSG00000135736	ENST00000258214	p.R231L	c.692C>T	Q96A19.139	rs140486249		missense_variant	PASS	c_inferred;p_inferred;has_rs
Chernyackeey_TUMOR	chr16	57931797	G	A	CNGB1	ENSG00000070729	ENST00000251102	p.P485Q	c.1454G>A	Q14028.193	rs1316041111		missense_variant	PASS	c_inferred;p_inferred;has_rs
Chernyackeey_TUMOR	chr16	57931798	G	A	CNGB1	ENSG00000070729	ENST00000251102	p.P485T	c.1453G>A	Q14028.193			missense_variant	PASS	c_inferred;p_inferred
Chernyackeey_TUMOR	chr16	75242647	T	C		ENSG00000280152	ENST00000624205				rs2151435387		downstream_gene_variant	PASS	no_c;no_p;has_rs
Chernyackeey_TUMOR	chr16	80612648	G	A	CDYL2	ENSG00000166446	ENST00000570137	p.P399H	c.1196G>A	Q8N8U2.161		COSV101629583	missense_variant	PASS	c_inferred;p_inferred;has_other_ids
Chernyackeey_TUMOR	chr17	4478672	G	A		ENSG00000262823	ENST00000576086				rs1356009824		downstream_gene_variant	PASS	no_c;no_p;has_rs
Chernyackeey_TUMOR	chr17	4478673	G	A		ENSG00000262823	ENST00000576086				rs1208301302		downstream_gene_variant	PASS	no_c;no_p;has_rs
Chernyackeey_TUMOR	chr17	4741737	C	T	CXCL16	ENSG00000161921	ENST00000293778			Q9H2A7.179			upstream_gene_variant	PASS	no_c;no_p
Chernyackeey_TUMOR	chr17	10412330	C	A	MYH8	ENSG00000133020	ENST00000403437			P13535.216			intron_variant	PASS	no_c;no_p
Chernyackeey_TUMOR	chr17	10455592	G	A	MYHAS	ENSG00000272975	ENST00000584139						intron_variant&non_coding_transcript_variant	PASS	no_c;no_p
Chernyackeey_TUMOR	chr17	10497836	C	T	MYH1	ENSG00000109061	ENST00000226207	p.T1421=	c.4263C>T	P12882.216	rs370946637	COSV56844500	synonymous_variant	PASS	c_inferred;p_inferred;has_rs;has_other_ids
Chernyackeey_TUMOR	chr17	17869324	G	T		ENSG00000301763	ENST00000781607					COSV106059138,COSV58887814	non_coding_transcript_exon_variant	PASS	no_cds_for_enst;no_c;no_p;has_other_ids
Chernyackeey_TUMOR	chr17	19716593	G	A		ENSG00000262681	ENST00000577087				rs369663946		upstream_gene_variant	PASS	no_c;no_p;has_rs
Chernyackeey_TUMOR	chr17	30203390	G	A	SLC6A4	ENSG00000108576	ENST00000650711			P31645.217	rs778988277		intron_variant	PASS	no_c;no_p;has_rs
Chernyackeey_TUMOR	chr17	40399153	G	A	TOP2A	ENSG00000131747	ENST00000423485			P11388.261			intron_variant	PASS	no_c;no_p
Chernyackeey_TUMOR	chr17	41054875	G	A	KRTAP2-2	ENSG00000214518	ENST00000398477	p.P113T	c.337G>A	Q9BYT5.126		COSV105929691	missense_variant	PASS	c_inferred;p_inferred;has_other_ids
Chernyackeey_TUMOR	chr17	41084567	C	G	KRTAP4-7	ENSG00000240871	ENST00000391417	p.L121V	c.361C>G	Q9BYR0.136	rs374377149	COSV66950911	missense_variant	PASS	c_inferred;p_inferred;has_rs;has_other_ids
Chernyackeey_TUMOR	chr17	41084648	T	G	KRTAP4-7	ENSG00000240871	ENST00000391417	p.L148V	c.442T>G	Q9BYR0.136	rs61746948	COSV66951072	missense_variant	PASS	c_inferred;p_inferred;has_rs;has_other_ids
Chernyackeey_TUMOR	chr17	41502868	A	G		ENSG00000229732	ENST00000411759						downstream_gene_variant	PASS	no_c;no_p
Chernyackeey_TUMOR	chr17	43848594	G	A	CD300LG	ENSG00000161649	ENST00000317310	p.G27E	c.80G>A	Q6UXG3.153			missense_variant	PASS	c_inferred;p_inferred
Chernyackeey_TUMOR	chr17	44907367	C	T	CCDC103	ENSG00000167131	ENST00000417826			Q8IW40.138			downstream_gene_variant	PASS	no_c;no_p
Chernyackeey_TUMOR	chr17	49791916	G	A	KAT7	ENSG00000136504	ENST00000259021	p.E16K	c.46G>A	O95251.201	rs1407775609		missense_variant	PASS	c_inferred;p_inferred;has_rs
Chernyackeey_TUMOR	chr17	50167810	G	A		ENSG00000261959	ENST00000572855				rs1234693084		upstream_gene_variant	PASS	no_c;no_p;has_rs
Chernyackeey_TUMOR	chr17	50168473	G	A		ENSG00000261959	ENST00000572855				rs954971361		upstream_gene_variant	PASS	no_c;no_p;has_rs
Chernyackeey_TUMOR	chr17	50360048	G	A		ENSG00000279792	ENST00000624336						downstream_gene_variant	PASS	no_c;no_p
Chernyackeey_TUMOR	chr17	50675569	C	A	ABCC3	ENSG00000108846	ENST00000285238			O15438.209			intron_variant	PASS	no_c;no_p
Chernyackeey_TUMOR	chr17	63918001	G	A		ENSG00000303015	ENST00000791137						downstream_gene_variant	PASS	no_c;no_p
Chernyackeey_TUMOR	chr17	74893497	C	CGGTTCCATGGGCTCCGTA	FADS6	ENSG00000172782	ENST00000612771			A0A087WYB9		COSV105902557	inframe_insertion	PASS	uniprot_from_map_enst;no_c;no_p;has_other_ids
Chernyackeey_TUMOR	chr18	27963570	G	A		ENSG00000227279	ENST00000785469				rs772642707	COSV107284227	non_coding_transcript_exon_variant	PASS	no_cds_for_enst;no_c;no_p;has_rs;has_other_ids
Chernyackeey_TUMOR	chr18	31355083	G	A	DSG1-AS1	ENSG00000266729	ENST00000812429						intron_variant&non_coding_transcript_variant	PASS	no_c;no_p
Chernyackeey_TUMOR	chr18	33370074	G	A	CCDC178	ENSG00000166960	ENST00000383096	p.S108=	c.324G>A	Q5BJE1.115	rs1303203036		synonymous_variant	PASS	c_inferred;p_inferred;has_rs
Chernyackeey_TUMOR	chr18	33607572	G	T	ASXL3	ENSG00000141431	ENST00000269197			Q9C0F0.137			intron_variant	PASS	no_c;no_p
Chernyackeey_TUMOR	chr18	46447660	C	A	ARK2C	ENSG00000141622	ENST00000269439	p.H195N	c.583C>A	Q6ZSG1.152			missense_variant	PASS	c_inferred;p_inferred
Chernyackeey_TUMOR	chr18	62715795	G	C	PHLPP1	ENSG00000081913	ENST00000262719	p.A38P	c.112G>C	O60346.203			missense_variant	PASS	c_inferred;p_inferred
Chernyackeey_TUMOR	chr18	62975524	C	T	PHLPP1	ENSG00000081913	ENST00000262719	p.L1295F	c.3883C>T	O60346.203			missense_variant	PASS	c_inferred;p_inferred
Chernyackeey_TUMOR	chr18	63798582	C	T	SERPINB7	ENSG00000166396	ENST00000398019			O75635.175	rs540282401		intron_variant	PASS	no_c;no_p;has_rs
Chernyackeey_TUMOR	chr19	590383	C	CGAG	HCN2	ENSG00000099822	ENST00000251287			Q9UL51.189			inframe_insertion	PASS	no_c;no_p
Chernyackeey_TUMOR	chr19	1000581	C	A		ENSG00000266990	ENST00000588380				rs1353806887		intron_variant&non_coding_transcript_variant	PASS	no_c;no_p;has_rs
Chernyackeey_TUMOR	chr19	2102247	C	T	AP3D1	ENSG00000065000	ENST00000643116	p.D1192Y	c.3574C>T	O14617.214	rs757744074		missense_variant	PASS	c_inferred;p_inferred;has_rs
Chernyackeey_TUMOR	chr19	3008952	G	A	TLE2	ENSG00000065717	ENST00000262953			Q04725.203			splice_region_variant&splice_polypyrimidine_tract_variant&intron_variant	PASS	no_c;no_p
Chernyackeey_TUMOR	chr19	4217272	C	T	ANKRD24	ENSG00000089847	ENST00000318934	p.I704=	c.2112C>T	Q8TF21.144	rs559332168		synonymous_variant	PASS	c_inferred;p_inferred;has_rs
Chernyackeey_TUMOR	chr19	4499448	C	T	PLIN4	ENSG00000167676	ENST00000301286			Q96Q06.141			downstream_gene_variant	PASS	no_c;no_p
Chernyackeey_TUMOR	chr19	5260863	C	T	PTPRS	ENSG00000105426	ENST00000262963			Q13332.218	rs753995735		intron_variant	PASS	no_c;no_p;has_rs
Chernyackeey_TUMOR	chr19	8088119	C	T	FBN3	ENSG00000142449	ENST00000600128	p.G2146V	c.6437C>T	Q75N90.174		COSV106392804	missense_variant	PASS	c_inferred;p_inferred;has_other_ids
Chernyackeey_TUMOR	chr19	8895709	A	G	MUC16	ENSG00000181143	ENST00000711672	p.S13273R	c.39819A>G	A0AAA9YHI4	rs201630633	COSV66693897	synonymous_variant	PASS	c_inferred;p_inferred;uniprot_from_map_enst;has_rs;has_other_ids
Chernyackeey_TUMOR	chr19	8948669	G	A	MUC16	ENSG00000181143	ENST00000711672	p.I9407=	c.28221G>A	A0AAA9YHI4			synonymous_variant	PASS	c_inferred;p_inferred;uniprot_from_map_enst
Chernyackeey_TUMOR	chr19	9468014	C	T	ZNF560	ENSG00000198028	ENST00000301480	p.R311S	c.933C>T	Q96MR9.163	rs146447096	COSV56866653	synonymous_variant	PASS	c_inferred;p_inferred;has_rs;has_other_ids
Chernyackeey_TUMOR	chr19	12464771	C	T	ZNF709	ENSG00000242852	ENST00000397732	p.R384L	c.1151C>T	Q8N972.165	rs1305665047	COSV67194696	missense_variant	PASS	c_inferred;p_inferred;has_rs;has_other_ids
Chernyackeey_TUMOR	chr19	12876354	G	A		ENSG00000267735	ENST00000769527				rs1599596048	COSV52254756	upstream_gene_variant	PASS	no_c;no_p;has_rs;has_other_ids
Chernyackeey_TUMOR	chr19	13025335	C	T	NFIX	ENSG00000008441	ENST00000592199	p.I114=	c.342C>T	Q14938.205			synonymous_variant	PASS	c_inferred;p_inferred
Chernyackeey_TUMOR	chr19	17202085	C	T	MYO9B	ENSG00000099331	ENST00000682292			Q13459.220	rs776064163		intron_variant	PASS	no_c;no_p;has_rs
Chernyackeey_TUMOR	chr19	18599526	C	T	CRLF1	ENSG00000006016	ENST00000392386			O75462.197			intron_variant	PASS	no_c;no_p
Chernyackeey_TUMOR	chr19	22180852	C	T	ZNF676	ENSG00000196109	ENST00000397121	p.A289S	c.865C>T	Q8N7Q3.160			missense_variant	PASS	c_inferred;p_inferred
Chernyackeey_TUMOR	chr19	33002861	G	C	RHPN2	ENSG00000131941	ENST00000254260	p.I300=	c.900G>C	Q8IUC4.171	rs745872476	COSV54275455	missense_variant	PASS	c_inferred;p_inferred;has_rs;has_other_ids
Chernyackeey_TUMOR	chr19	37186831	G	A	ZNF585B	ENSG00000245680	ENST00000532828	p.H236N	c.706G>A	Q52M93.154		COSV57216112	missense_variant	PASS	c_inferred;p_inferred;has_other_ids
Chernyackeey_TUMOR	chr19	38494343	C	T	RYR1	ENSG00000196218	ENST00000359596			P21817.246			splice_polypyrimidine_tract_variant&intron_variant	PASS	no_c;no_p
Chernyackeey_TUMOR	chr19	39828221	C	A	DYRK1B	ENSG00000105204	ENST00000323039			Q9Y463.214			intron_variant	PASS	no_c;no_p
Chernyackeey_TUMOR	chr19	41248593	G	A	AXL	ENSG00000167601	ENST00000301178	p.G539=	c.1617G>A	P30530.233	rs1158350509		synonymous_variant	PASS	c_inferred;p_inferred;has_rs
Chernyackeey_TUMOR	chr19	42291190	C	T	CIC	ENSG00000079432	ENST00000681038	p.L1717=	c.5149C>T	Q96RK0-1	rs147699856	COSV50690931	synonymous_variant	PASS	c_inferred;p_inferred;uniprot_from_map_enst;has_rs;has_other_ids
Chernyackeey_TUMOR	chr19	43360330	G	A	CD177	ENSG00000204936	ENST00000618265	p.D229N	c.685G>A	A0A087WVM2	rs1296994188		missense_variant	PASS	c_inferred;p_inferred;uniprot_from_map_enst;has_rs
Chernyackeey_TUMOR	chr19	44909207	C	T	APOE	ENSG00000130203	ENST00000252486	p.A304V	c.911C>T	P02649.270			missense_variant	PASS	c_inferred;p_inferred
Chernyackeey_TUMOR	chr19	49697472	T	G	CPT1C	ENSG00000169169	ENST00000598293			Q8TCG5.166			splice_region_variant&intron_variant	PASS	no_c;no_p
Chernyackeey_TUMOR	chr19	49697474	C	T	CPT1C	ENSG00000169169	ENST00000598293			Q8TCG5.166	rs767338297		intron_variant	PASS	no_c;no_p;has_rs
Chernyackeey_TUMOR	chr19	49832217	C	T	MED25	ENSG00000104973	ENST00000312865			Q71SY5.146			intron_variant	PASS	no_c;no_p
Chernyackeey_TUMOR	chr19	51001063	C	T		ENSG00000267879	ENST00000594512						intron_variant&non_coding_transcript_variant	PASS	no_c;no_p
Chernyackeey_TUMOR	chr19	51627815	C	T	SIGLEC5	ENSG00000268500	ENST00000683636			O15389.189			intron_variant	PASS	no_c;no_p
Chernyackeey_TUMOR	chr19	52383982	C	T	ZNF528-AS1	ENSG00000269834	ENST00000813519				rs985422600	COSV106115249	downstream_gene_variant	PASS	no_c;no_p;has_rs;has_other_ids
Chernyackeey_TUMOR	chr19	52384789	G	T	ZNF528-AS1	ENSG00000269834	ENST00000813519				rs75507701	COSV69905892,COSV69906747	downstream_gene_variant	PASS	no_c;no_p;has_rs;has_other_ids
Chernyackeey_TUMOR	chr19	54819903	C	T	KIR3DL1	ENSG00000167633	ENST00000391728	p.I182=	c.546C>T	P43629.205	rs116306767	COSV58488020	synonymous_variant	PASS	c_inferred;p_inferred;has_rs;has_other_ids
Chernyackeey_TUMOR	chr19	54982816	G	A	NLRP2	ENSG00000022556	ENST00000448584	p.G373E	c.1118G>A	Q9NX02.215		COSV54756857	missense_variant	PASS	c_inferred;p_inferred;has_other_ids
Chernyackeey_TUMOR	chr19	54986076	C	T	NLRP2	ENSG00000022556	ENST00000448584			Q9NX02.215	rs565842255		intron_variant	PASS	no_c;no_p;has_rs
Chernyackeey_TUMOR	chr19	55455015	C	T		ENSG00000297900	ENST00000751606				rs1249424718	COSV50035096	upstream_gene_variant	PASS	no_c;no_p;has_rs;has_other_ids
Chernyackeey_TUMOR	chr20	5302650	A	G	PROKR2	ENSG00000101292	ENST00000678254	p.I182S	c.545A>G	Q8NFJ6.174			missense_variant	PASS	c_inferred;p_inferred
Chernyackeey_TUMOR	chr20	8649381	C	T	PLCB1	ENSG00000182621	ENST00000338037	p.R176C	c.526C>T	Q9NQ66.220		COSV62066702	missense_variant	PASS	c_inferred;p_inferred;has_other_ids
Chernyackeey_TUMOR	chr20	20000822	G	A		ENSG00000306145	ENST00000815631				rs558421338		downstream_gene_variant	PASS	no_c;no_p;has_rs
Chernyackeey_TUMOR	chr20	46186861	C	T	CDH22	ENSG00000149654	ENST00000537909	p.E504*	c.1510C>T	Q9UJ99.161	rs1476358793		missense_variant	PASS	c_inferred;p_inferred;has_rs
Chernyackeey_TUMOR	chr20	46592376	C	G	SLC13A3	ENSG00000158296	ENST00000279027			Q8WWT9.188			intron_variant	PASS	no_c;no_p
Chernyackeey_TUMOR	chr20	51802298	C	T	SALL4	ENSG00000101115	ENST00000217086	p.A37=	c.111C>T	Q9UJQ4.196		COSV99409222	synonymous_variant	PASS	c_inferred;p_inferred;has_other_ids
Chernyackeey_TUMOR	chr20	58418328	G	T	VAPB	ENSG00000124164	ENST00000475243	p.G59V	c.176G>T	O95292.216			missense_variant	PASS	c_inferred;p_inferred
Chernyackeey_TUMOR	chr20	59300745	C	T	EDN3	ENSG00000124205	ENST00000337938	p.D45=	c.135C>T	P14138.222	rs1988936878		5_prime_UTR_variant	PASS	c_inferred;p_inferred;has_rs
Chernyackeey_TUMOR	chr20	63407138	G	A	KCNQ2	ENSG00000075043	ENST00000359125	p.P709T	c.2125G>A	O43526.228			missense_variant	PASS	c_inferred;p_inferred
Chernyackeey_TUMOR	chr21	29651129	C	T	GRIK1	ENSG00000171189	ENST00000327783	p.G315C	c.943C>T	E7ENK3	rs2062726585		missense_variant	PASS	c_inferred;p_inferred;uniprot_from_map_enst;has_rs
Chernyackeey_TUMOR	chr21	31998778	A	T	HUNK	ENSG00000142149	ENST00000270112	p.Y580F	c.1739A>T	P57058.180			missense_variant	PASS	c_inferred;p_inferred
Chernyackeey_TUMOR	chr21	32352876	A	AC	URB1	ENSG00000142207	ENST00000382751			O60287.178			frameshift_variant	PASS	no_c;no_p
Chernyackeey_TUMOR	chr21	42437522	C	T	UBASH3A	ENSG00000160185	ENST00000319294	p.S476=	c.1428C>T	P57075.188	rs2053648370		synonymous_variant	PASS	c_inferred;p_inferred;has_rs
Chernyackeey_TUMOR	chr21	44353674	G	A	TRPM2	ENSG00000142185	ENST00000397928	p.E18=	c.54G>A	O94759.203	rs766854572	COSV100308226	5_prime_UTR_variant	PASS	c_inferred;p_inferred;has_rs;has_other_ids
Chernyackeey_TUMOR	chr21	46326375	A	C		ENSG00000286224	ENST00000652508	p.S30R	c.88A>C	A0A494C0I6			missense_variant	PASS	c_inferred;p_inferred;uniprot_from_map_enst
Chernyackeey_TUMOR	chr22	16968301	G	A	GAB4	ENSG00000215568	ENST00000400588	p.F340L	c.1020G>A	Q2WGN9.129	rs2060698879	COSV68753301	synonymous_variant	PASS	c_inferred;p_inferred;has_rs;has_other_ids
Chernyackeey_TUMOR	chr22	17149641	G	A	HDHD5	ENSG00000069998	ENST00000336737	p.S77=	c.231G>A	Q9BXW7.168			synonymous_variant	PASS	c_inferred;p_inferred
Chernyackeey_TUMOR	chr22	25797999	G	A	MYO18B	ENSG00000133454	ENST00000335473	p.G808D	c.2423G>A	Q8IUG5.178			missense_variant	PASS	c_inferred;p_inferred
Chernyackeey_TUMOR	chr22	27798227	C	T		ENSG00000299103	ENST00000760484						downstream_gene_variant	PASS	no_c;no_p
Chernyackeey_TUMOR	chr22	30299430	G	A	TBC1D10A	ENSG00000099992	ENST00000215790			Q9BXI6.176	rs1032720657		intron_variant	PASS	no_c;no_p;has_rs
Chernyackeey_TUMOR	chr22	30694954	C	G	OSBP2	ENSG00000184792	ENST00000332585	p.G15=	c.45C>G	Q969R2.174	rs771856621		synonymous_variant	PASS	c_inferred;p_inferred;has_rs
Chernyackeey_TUMOR	chr22	33304521	G	A	LARGE1	ENSG00000133424	ENST00000397394			O95461.190			splice_polypyrimidine_tract_variant&intron_variant	PASS	no_c;no_p
Chernyackeey_TUMOR	chr22	38109231	G	A	PLA2G6	ENSG00000184381	ENST00000332509			O60733.220	rs1569233011		downstream_gene_variant	PASS	no_c;no_p;has_rs
Chernyackeey_TUMOR	chr22	39968155	G	C	TMA7B	ENSG00000225528	ENST00000424496			A0A024R1R8.35	rs771275405	COSV59997143	downstream_gene_variant	PASS	no_c;no_p;has_rs;has_other_ids
Chernyackeey_TUMOR	chr22	41730635	A	G	MEI1	ENSG00000167077	ENST00000401548	p.Y365C	c.1094A>G	Q5TIA1.111			missense_variant&splice_region_variant	PASS	c_inferred;p_inferred
Chernyackeey_TUMOR	chr22	44786517	C	T	ARHGAP8	ENSG00000241484	ENST00000356099	p.F38=	c.114C>T	P85298.123	rs763736803		5_prime_UTR_variant	PASS	c_inferred;p_inferred;has_rs
Chernyackeey_TUMOR	chr22	45361862	C	T	SMC1B	ENSG00000077935	ENST00000357450	p.R895=	c.2685C>T	Q8NDV3.179		COSV104662541	synonymous_variant	PASS	c_inferred;p_inferred;has_other_ids
Chernyackeey_TUMOR	chrX	3309885	G	A	MXRA5	ENSG00000101825	ENST00000217939	p.S2773*	c.8318G>A	Q9NR99.167	rs1366305934	COSV54237231	missense_variant	PASS	c_inferred;p_inferred;has_rs;has_other_ids
Chernyackeey_TUMOR	chrX	10220811	C	T	CLCN4	ENSG00000073464	ENST00000380833	p.P709L	c.2126C>T	P51793.193	rs778791017	COSV66468446	missense_variant	PASS	c_inferred;p_inferred;has_rs;has_other_ids
Chernyackeey_TUMOR	chrX	14912307	T	G	MOSPD2	ENSG00000130150	ENST00000380492	p.V313G	c.938T>G	Q8NHP6.163			missense_variant	PASS	c_inferred;p_inferred
Chernyackeey_TUMOR	chrX	15289516	G	A	ASB11	ENSG00000165192	ENST00000480796	p.L215I	c.643G>A	Q8WXH4.166			missense_variant	PASS	c_inferred;p_inferred
Chernyackeey_TUMOR	chrX	21656862	G	A		ENSG00000288832	ENST00000689443						upstream_gene_variant	PASS	no_c;no_p
Chernyackeey_TUMOR	chrX	43949913	G	A	NDP	ENSG00000124479	ENST00000642620	p.C96*	c.288G>A	Q00604.196		CM992191	synonymous_variant	PASS	c_inferred;p_inferred;has_other_ids
Chernyackeey_TUMOR	chrX	47173087	C	T	RBM10	ENSG00000182872	ENST00000377604			P98175.220		COSV107338356	intron_variant	PASS	no_c;no_p;has_other_ids
Chernyackeey_TUMOR	chrX	47210164	C	T	UBA1	ENSG00000130985	ENST00000335972			P22314.244			intron_variant	PASS	no_c;no_p
Chernyackeey_TUMOR	chrX	50379603	C	T	DGKK	ENSG00000274588	ENST00000611977			Q5KSL6.146			intron_variant	PASS	no_c;no_p
Chernyackeey_TUMOR	chrX	53537579	G	A	HUWE1	ENSG00000086758	ENST00000262854	p.S4038=	c.12114G>A	Q7Z6Z7.206	rs782764055	COSV53353038	synonymous_variant	PASS	c_inferred;p_inferred;has_rs;has_other_ids
Chernyackeey_TUMOR	chrX	54333184	C	T	WNK3	ENSG00000196632	ENST00000354646	p.G164*	c.490C>T	Q9BYP7.192			missense_variant	PASS	c_inferred;p_inferred
Chernyackeey_TUMOR	chrX	102750496	G	A	GPRASP3	ENSG00000198908	ENST00000457056	p.A501T	c.1501G>A	Q6PI77.149			missense_variant	PASS	c_inferred;p_inferred
Chernyackeey_TUMOR	chrX	117901909	C	T	KLHL13	ENSG00000003096	ENST00000540167	p.W452C	c.1356C>T	Q9P2N7.177			stop_gained	PASS	c_inferred;p_inferred
Chernyackeey_TUMOR	chrX	132628714	G	A		ENSG00000296977	ENST00000743982					COSV63718169	intron_variant&non_coding_transcript_variant	PASS	no_c;no_p;has_other_ids
Chernyackeey_TUMOR	chrX	134896911	G	A	MOSPD1	ENSG00000101928	ENST00000370783	p.L118=	c.354G>A	Q9UJG1.164		COSV106531700	synonymous_variant	PASS	c_inferred;p_inferred;has_other_ids
Chernyackeey_TUMOR	chrX	153950294	C	T	HCFC1	ENSG00000172534	ENST00000310441	p.A1985S	c.5953C>T	P51610.239			missense_variant	PASS	c_inferred;p_inferred
